channel_name,user,timestamp,year,month,day,hour,minute,second
social-media,U7G52NFN2,1516112433.000083,2018,1,16,16,20,33
social-media,U7BS22HB3,1516112433.000539,2018,1,16,16,20,33
social-media,U7G52NFN2,1516112433.000542,2018,1,16,16,20,33
social-media,U7DET4PSP,1516112433.000578,2018,1,16,16,20,33
social-media,U7G52NFN2,1516127080.000779,2018,1,16,20,24,40
social-media,U7DET4PSP,1516127876.000121,2018,1,16,20,37,56
social-media,U7DET4PSP,1516127939.000158,2018,1,16,20,38,59
social-media,U7DET4PSP,1516128369.000195,2018,1,16,20,46,9
social-media,U7DET4PSP,1516128377.000053,2018,1,16,20,46,17
social-media,U7G52NFN2,1516133349.000539,2018,1,16,22,9,9
social-media,U7DET4PSP,1516133638.000414,2018,1,16,22,13,58
social-media,U7G52NFN2,1516133908.000499,2018,1,16,22,18,28
social-media,U7G52NFN2,1516188092.000320,2018,1,17,13,21,32
social-media,U7G52NFN2,1516188099.000035,2018,1,17,13,21,39
social-media,U7G52NFN2,1516189040.000465,2018,1,17,13,37,20
social-media,U7G52NFN2,1516189044.000088,2018,1,17,13,37,24
social-media,U7DET4PSP,1516189248.000227,2018,1,17,13,40,48
social-media,U7G52NFN2,1516189284.000016,2018,1,17,13,41,24
social-media,U7G52NFN2,1516189293.000272,2018,1,17,13,41,33
social-media,U7DET4PSP,1516189299.000389,2018,1,17,13,41,39
social-media,U7G52NFN2,1516189320.000045,2018,1,17,13,42,0
social-media,U7DET4PSP,1516189412.000056,2018,1,17,13,43,32
social-media,U7G52NFN2,1516190614.000267,2018,1,17,14,3,34
social-media,U7DET4PSP,1516197728.000219,2018,1,17,16,2,8
social-media,U7G52NFN2,1516199657.000043,2018,1,17,16,34,17
social-media,U7G52NFN2,1516201212.001174,2018,1,17,17,0,12
social-media,U7DET4PSP,1516202216.000446,2018,1,17,17,16,56
social-media,U7G52NFN2,1516202912.000113,2018,1,17,17,28,32
social-media,U7DET4PSP,1516209334.000100,2018,1,17,19,15,34
branding,U7BMUSDTJ,1508756737.000143,2017,10,23,14,5,37
branding,U7G52NFN2,1511353417.000369,2017,11,22,14,23,37
branding,U7DET4PSP,1511353517.000422,2017,11,22,14,25,17
branding,U7C2YBD7D,1511353981.000113,2017,11,22,14,33,1
branding,U7DET4PSP,1511367315.000301,2017,11,22,18,15,15
branding,U7DET4PSP,1511367317.000074,2017,11,22,18,15,17
branding,U7DET4PSP,1511367332.000464,2017,11,22,18,15,32
branding,U7DET4PSP,1511367338.000458,2017,11,22,18,15,38
branding,U7DET4PSP,1511367346.000222,2017,11,22,18,15,46
branding,U7DET4PSP,1511367363.000179,2017,11,22,18,16,3
branding,U7C2YBD7D,1508401730.000181,2017,10,19,11,28,50
branding,U7G52NFN2,1512389451.000128,2017,12,4,14,10,51
branding,U7G52NFN2,1512389456.000082,2017,12,4,14,10,56
branding,U7DET4PSP,1512393773.000046,2017,12,4,15,22,53
branding,U7DET4PSP,1512394094.000362,2017,12,4,15,28,14
branding,U7G52NFN2,1512394377.000111,2017,12,4,15,32,57
branding,U7DET4PSP,1512394536.000581,2017,12,4,15,35,36
branding,U7G52NFN2,1517145582.000065,2018,1,28,15,19,42
branding,U7PUGSSMR,1517157890.000005,2018,1,28,18,44,50
branding,U7G52NFN2,1517157986.000039,2018,1,28,18,46,26
branding,U7PUGSSMR,1517158636.000007,2018,1,28,18,57,16
branding,U7PUGSSMR,1517158672.000057,2018,1,28,18,57,52
branding,U7G52NFN2,1517159188.000097,2018,1,28,19,6,28
branding,U7G52NFN2,1517159205.000047,2018,1,28,19,6,45
branding,U7PUGSSMR,1517159549.000051,2018,1,28,19,12,29
branding,U7C2YBD7D,1517159854.000008,2018,1,28,19,17,34
branding,U7PUGSSMR,1517159874.000002,2018,1,28,19,17,54
branding,U7C2YBD7D,1517159879.000092,2018,1,28,19,17,59
branding,U7C2YBD7D,1517159891.000109,2018,1,28,19,18,11
branding,U7C2YBD7D,1517159903.000039,2018,1,28,19,18,23
branding,U7C2YBD7D,1517159954.000002,2018,1,28,19,19,14
branding,U7PUGSSMR,1517160046.000006,2018,1,28,19,20,46
branding,U7CC9DP98,1517166970.000146,2018,1,28,21,16,10
branding,U7PUGSSMR,1513100447.000619,2017,12,12,19,40,47
branding,U7PUGSSMR,1513100545.000008,2017,12,12,19,42,25
branding,U7PUGSSMR,1513100950.000414,2017,12,12,19,49,10
branding,U7PUGSSMR,1513100994.000517,2017,12,12,19,49,54
branding,U7C2YBD7D,1513101159.000153,2017,12,12,19,52,39
branding,U7C2YBD7D,1513101234.000027,2017,12,12,19,53,54
branding,U7C2YBD7D,1513101248.000013,2017,12,12,19,54,8
branding,U7C2YBD7D,1513101269.000258,2017,12,12,19,54,29
branding,U7PUGSSMR,1513103172.000366,2017,12,12,20,26,12
branding,U7PUGSSMR,1513103225.000098,2017,12,12,20,27,5
branding,U7C2YBD7D,1513103493.000304,2017,12,12,20,31,33
branding,U7PUGSSMR,1513105156.000074,2017,12,12,20,59,16
branding,U7G52NFN2,1513107769.000458,2017,12,12,21,42,49
branding,U7G52NFN2,1513107792.000404,2017,12,12,21,43,12
branding,U7PUGSSMR,1513108000.000034,2017,12,12,21,46,40
branding,U7PUGSSMR,1513108043.000159,2017,12,12,21,47,23
branding,U7C2YBD7D,1513108066.000583,2017,12,12,21,47,46
branding,U7G52NFN2,1513108076.000540,2017,12,12,21,47,56
branding,U7PUGSSMR,1513108241.000371,2017,12,12,21,50,41
branding,U7DET4PSP,1513108521.000287,2017,12,12,21,55,21
branding,U7DET4PSP,1513108581.000359,2017,12,12,21,56,21
branding,U7DET4PSP,1513108697.000315,2017,12,12,21,58,17
branding,U7PUGSSMR,1513108795.000069,2017,12,12,21,59,55
branding,U7PUGSSMR,1513108814.000385,2017,12,12,22,0,14
branding,U7PUGSSMR,1515854860.000126,2018,1,13,16,47,40
branding,U7C2YBD7D,1515855240.000098,2018,1,13,16,54,0
branding,U7C2YBD7D,1515855244.000047,2018,1,13,16,54,4
branding,U7PUGSSMR,1515856479.000084,2018,1,13,17,14,39
branding,U7DET4PSP,1515857359.000124,2018,1,13,17,29,19
branding,U7DET4PSP,1515857459.000103,2018,1,13,17,30,59
branding,U7BMUSDTJ,1515859998.000056,2018,1,13,18,13,18
branding,U7BMUSDTJ,1515860022.000004,2018,1,13,18,13,42
branding,U7PUGSSMR,1515860159.000027,2018,1,13,18,15,59
branding,U7DET4PSP,1515860322.000044,2018,1,13,18,18,42
branding,U7DET4PSP,1515860328.000115,2018,1,13,18,18,48
branding,U7DET4PSP,1515860338.000085,2018,1,13,18,18,58
branding,U7DET4PSP,1515860364.000121,2018,1,13,18,19,24
branding,U7DET4PSP,1515860376.000022,2018,1,13,18,19,36
branding,U7G52NFN2,1509697119.000110,2017,11,3,10,18,39
branding,U7G52NFN2,1509704543.000067,2017,11,3,12,22,23
branding,U7C2YBD7D,1509706376.000072,2017,11,3,12,52,56
branding,U7C2YBD7D,1509706387.000231,2017,11,3,12,53,7
branding,U7G52NFN2,1509706610.000356,2017,11,3,12,56,50
branding,U7C2YBD7D,1509719273.000484,2017,11,3,16,27,53
branding,U7PUGSSMR,1509294028.000094,2017,10,29,18,20,28
branding,U2WQ03HBJ,1516610388.000034,2018,1,22,10,39,48
branding,U2WQ03HBJ,1516610499.000282,2018,1,22,10,41,39
branding,U7C2YBD7D,1516610513.000031,2018,1,22,10,41,53
branding,U2WQ03HBJ,1516610526.000119,2018,1,22,10,42,6
branding,U7C2YBD7D,1516610541.000432,2018,1,22,10,42,21
branding,U7PUGSSMR,1516645245.000366,2018,1,22,20,20,45
branding,U7PUGSSMR,1516645284.000832,2018,1,22,20,21,24
branding,U7G52NFN2,1516645370.000184,2018,1,22,20,22,50
branding,U7PUGSSMR,1516645504.000541,2018,1,22,20,25,4
branding,U7C2YBD7D,1516645569.000237,2018,1,22,20,26,9
branding,U7PUGSSMR,1516645694.000492,2018,1,22,20,28,14
branding,U7G52NFN2,1516645891.000356,2018,1,22,20,31,31
branding,U7PUGSSMR,1516646061.000394,2018,1,22,20,34,21
branding,U7BMUSDTJ,1510237518.000359,2017,11,9,16,25,18
branding,U7G52NFN2,1510258359.000152,2017,11,9,22,12,39
branding,U7C2YBD7D,1516048646.000306,2018,1,15,22,37,26
branding,U7PUGSSMR,1517835109.000392,2018,2,5,14,51,49
branding,U7PUGSSMR,1517835138.000397,2018,2,5,14,52,18
branding,U7DET4PSP,1517853555.000011,2018,2,5,19,59,15
branding,U7PUGSSMR,1517853795.000040,2018,2,5,20,3,15
branding,U7G52NFN2,1512308563.000001,2017,12,3,15,42,43
branding,U7PUGSSMR,1512310467.000055,2017,12,3,16,14,27
branding,U7C2YBD7D,1512311428.000075,2017,12,3,16,30,28
branding,U7C2YBD7D,1512311445.000029,2017,12,3,16,30,45
branding,U7BMUSDTJ,1512311486.000098,2017,12,3,16,31,26
branding,U7C2YBD7D,1512311831.000029,2017,12,3,16,37,11
branding,U7G52NFN2,1512312200.000073,2017,12,3,16,43,20
branding,U7G52NFN2,1512312213.000029,2017,12,3,16,43,33
branding,U7G52NFN2,1512312260.000022,2017,12,3,16,44,20
branding,U7C2YBD7D,1512312674.000019,2017,12,3,16,51,14
branding,U7C2YBD7D,1512312761.000080,2017,12,3,16,52,41
branding,U7C2YBD7D,1512312788.000008,2017,12,3,16,53,8
branding,U7G52NFN2,1512313489.000041,2017,12,3,17,4,49
branding,U7G52NFN2,1512313527.000058,2017,12,3,17,5,27
branding,U7G52NFN2,1512313618.000018,2017,12,3,17,6,58
branding,U7G52NFN2,1512313666.000043,2017,12,3,17,7,46
branding,U7G52NFN2,1512313671.000012,2017,12,3,17,7,51
branding,U7DET4PSP,1512313728.000035,2017,12,3,17,8,48
branding,U7DET4PSP,1512313861.000007,2017,12,3,17,11,1
branding,U7DET4PSP,1512313924.000062,2017,12,3,17,12,4
branding,U7DET4PSP,1512313931.000030,2017,12,3,17,12,11
branding,U7DET4PSP,1512313937.000020,2017,12,3,17,12,17
branding,U7C2YBD7D,1512314154.000077,2017,12,3,17,15,54
branding,U7C2YBD7D,1512314164.000052,2017,12,3,17,16,4
branding,U7DET4PSP,1512314238.000047,2017,12,3,17,17,18
branding,U7G52NFN2,1512314282.000059,2017,12,3,17,18,2
branding,U7G52NFN2,1512314639.000048,2017,12,3,17,23,59
branding,U7G52NFN2,1512314645.000005,2017,12,3,17,24,5
branding,U7PUGSSMR,1512318113.000052,2017,12,3,18,21,53
branding,U7C2YBD7D,1512318526.000089,2017,12,3,18,28,46
branding,U7C2YBD7D,1512318538.000063,2017,12,3,18,28,58
branding,U7C2YBD7D,1512318539.000113,2017,12,3,18,28,59
branding,U7C2YBD7D,1512318555.000076,2017,12,3,18,29,15
branding,U7C2YBD7D,1512318575.000072,2017,12,3,18,29,35
branding,U7G52NFN2,1512318594.000030,2017,12,3,18,29,54
branding,U7DET4PSP,1512326330.000014,2017,12,3,20,38,50
branding,U7G52NFN2,1509955814.000020,2017,11,6,10,10,14
branding,U7C2YBD7D,1509981879.000028,2017,11,6,17,24,39
branding,U7C2YBD7D,1509981898.000308,2017,11,6,17,24,58
branding,U7C2YBD7D,1509981916.000816,2017,11,6,17,25,16
branding,U7C2YBD7D,1509981986.000348,2017,11,6,17,26,26
branding,U7C2YBD7D,1510310568.000260,2017,11,10,12,42,48
branding,U2WQ03HBJ,1510310691.000174,2017,11,10,12,44,51
branding,U2WQ03HBJ,1510310728.000155,2017,11,10,12,45,28
branding,U2WQ03HBJ,1510310748.000203,2017,11,10,12,45,48
branding,U7G52NFN2,1510310976.000178,2017,11,10,12,49,36
branding,U7G52NFN2,1510312204.000263,2017,11,10,13,10,4
branding,U2WQ03HBJ,1510312408.000060,2017,11,10,13,13,28
branding,U7C2YBD7D,1510322492.000603,2017,11,10,16,1,32
branding,U7C2YBD7D,1510322510.000531,2017,11,10,16,1,50
branding,U7C2YBD7D,1510322586.000196,2017,11,10,16,3,6
branding,U7C2YBD7D,1511711267.000039,2017,11,26,17,47,47
branding,U7C2YBD7D,1511712570.000032,2017,11,26,18,9,30
branding,U7DET4PSP,1511718511.000037,2017,11,26,19,48,31
branding,U2WQ03HBJ,1511733318.000047,2017,11,26,23,55,18
branding,U2WQ03HBJ,1511733651.000041,2017,11,27,0,0,51
branding,U2WQ03HBJ,1511734082.000037,2017,11,27,0,8,2
branding,U7C2YBD7D,1511760450.000075,2017,11,27,7,27,30
branding,U7C2YBD7D,1511761013.000133,2017,11,27,7,36,53
branding,U2WQ03HBJ,1512131833.000185,2017,12,1,14,37,13
branding,U2WQ03HBJ,1512131849.000285,2017,12,1,14,37,29
branding,U2WQ03HBJ,1512131878.000062,2017,12,1,14,37,58
branding,U2WQ03HBJ,1512131885.000378,2017,12,1,14,38,5
branding,U7C2YBD7D,1512131961.000151,2017,12,1,14,39,21
branding,U2WQ03HBJ,1512131974.000178,2017,12,1,14,39,34
branding,U7DET4PSP,1512131987.000197,2017,12,1,14,39,47
branding,U2WQ03HBJ,1512132033.000024,2017,12,1,14,40,33
branding,U2WQ03HBJ,1512132061.000125,2017,12,1,14,41,1
branding,U2WQ03HBJ,1512132106.000032,2017,12,1,14,41,46
branding,U7DET4PSP,1512132584.000203,2017,12,1,14,49,44
branding,U7C2YBD7D,1512136250.000532,2017,12,1,15,50,50
branding,U7C2YBD7D,1512138116.000531,2017,12,1,16,21,56
branding,U7C2YBD7D,1512138119.000314,2017,12,1,16,21,59
branding,U7C2YBD7D,1512138217.000307,2017,12,1,16,23,37
branding,U2WQ03HBJ,1512138264.000049,2017,12,1,16,24,24
branding,U2WQ03HBJ,1512138289.000132,2017,12,1,16,24,49
branding,U7C2YBD7D,1512140585.000099,2017,12,1,17,3,5
branding,U2WQ03HBJ,1512142194.000496,2017,12,1,17,29,54
branding,U2WQ03HBJ,1512142231.000818,2017,12,1,17,30,31
branding,U7DET4PSP,1512155003.000469,2017,12,1,21,3,23
branding,U7C2YBD7D,1517331167.000157,2018,1,30,18,52,47
branding,U7C2YBD7D,1517331502.000103,2018,1,30,18,58,22
branding,U7G52NFN2,1517335080.000209,2018,1,30,19,58,0
branding,U7PUGSSMR,1517341730.000402,2018,1,30,21,48,50
branding,U7C2YBD7D,1508234417.000251,2017,10,17,13,0,17
branding,U7DET4PSP,1508234418.000061,2017,10,17,13,0,18
branding,U7D1PDTKQ,1508234418.000093,2017,10,17,13,0,18
branding,U2WQ03HBJ,1508234418.000129,2017,10,17,13,0,18
branding,U7CC9DP98,1508234418.000164,2017,10,17,13,0,18
branding,U7G52NFN2,1508234418.000198,2017,10,17,13,0,18
branding,U7C2YBD7D,1508247725.000437,2017,10,17,16,42,5
branding,U7C2YBD7D,1508247828.000659,2017,10,17,16,43,48
branding,U7C2YBD7D,1508247889.000254,2017,10,17,16,44,49
branding,U7DET4PSP,1508262809.000039,2017,10,17,20,53,29
branding,U7PUGSSMR,1515240668.000055,2018,1,6,14,11,8
branding,U7CC9DP98,1515346877.000035,2018,1,7,19,41,17
branding,U7C2YBD7D,1515665012.000007,2018,1,11,12,3,32
general,U7CC9DP98,1512720340.000293,2017,12,8,10,5,40
general,U7C2YBD7D,1512728968.000142,2017,12,8,12,29,28
general,U7C2YBD7D,1512728977.000337,2017,12,8,12,29,37
general,U7DET4PSP,1512729078.000350,2017,12,8,12,31,18
general,U7BMUSDTJ,1512729184.000235,2017,12,8,12,33,4
general,U7C2YBD7D,1512752420.000668,2017,12,8,19,0,20
general,U7DET4PSP,1512756170.000184,2017,12,8,20,2,50
general,U7C2YBD7D,1516819579.000136,2018,1,24,20,46,19
general,U7C2YBD7D,1516819684.000118,2018,1,24,20,48,4
general,U7C2YBD7D,1516819688.000070,2018,1,24,20,48,8
general,U7C2YBD7D,1516819731.000333,2018,1,24,20,48,51
general,U7C2YBD7D,1516819739.000521,2018,1,24,20,48,59
general,U7BMUSDTJ,1516819753.000739,2018,1,24,20,49,13
general,U7DET4PSP,1516819846.000510,2018,1,24,20,50,46
general,U7DET4PSP,1516820270.000359,2018,1,24,20,57,50
general,U7DET4PSP,1516820277.000864,2018,1,24,20,57,57
general,U7DET4PSP,1516820306.000903,2018,1,24,20,58,26
general,U7C2YBD7D,1516820375.000359,2018,1,24,20,59,35
general,U7BMUSDTJ,1516821060.000326,2018,1,24,21,11,0
general,U7BMUSDTJ,1516821131.000818,2018,1,24,21,12,11
general,U7C2YBD7D,1516821201.000405,2018,1,24,21,13,21
general,U7BMUSDTJ,1516821398.000036,2018,1,24,21,16,38
general,U7DET4PSP,1516821404.000861,2018,1,24,21,16,44
general,U7DET4PSP,1516821511.000426,2018,1,24,21,18,31
general,U7DET4PSP,1516821530.000138,2018,1,24,21,18,50
general,U7DET4PSP,1516821542.000129,2018,1,24,21,19,2
general,U7BMUSDTJ,1516821595.000749,2018,1,24,21,19,55
general,U7C2YBD7D,1516821692.000118,2018,1,24,21,21,32
general,U7BMUSDTJ,1516821719.000683,2018,1,24,21,21,59
general,U7DET4PSP,1516821763.000706,2018,1,24,21,22,43
general,U7DET4PSP,1516821819.000041,2018,1,24,21,23,39
general,U7DET4PSP,1516821841.000467,2018,1,24,21,24,1
general,U7C2YBD7D,1516821986.000391,2018,1,24,21,26,26
general,U7DET4PSP,1516821994.000032,2018,1,24,21,26,34
general,U7BMUSDTJ,1516822020.000248,2018,1,24,21,27,0
general,U7DET4PSP,1516822088.000176,2018,1,24,21,28,8
general,U7DET4PSP,1516822132.000731,2018,1,24,21,28,52
general,U7BMUSDTJ,1516822139.000105,2018,1,24,21,28,59
general,U7DET4PSP,1516822166.000483,2018,1,24,21,29,26
general,U7DET4PSP,1516822171.000096,2018,1,24,21,29,31
general,U7DET4PSP,1516822445.000061,2018,1,24,21,34,5
general,U7DET4PSP,1516822502.000919,2018,1,24,21,35,2
general,U7G52NFN2,1508760867.000311,2017,10,23,15,14,27
general,U2WQ03HBJ,1508761095.000338,2017,10,23,15,18,15
general,U2WQ03HBJ,1508761118.000239,2017,10,23,15,18,38
general,U7C2YBD7D,1508771302.000435,2017,10,23,18,8,22
general,U7DET4PSP,1508771478.000170,2017,10,23,18,11,18
general,U7C2YBD7D,1508793325.000431,2017,10,24,0,15,25
general,U7C2YBD7D,1508793475.000231,2017,10,24,0,17,55
general,U7G52NFN2,1515399543.000056,2018,1,8,10,19,3
general,U7CC9DP98,1515399760.000002,2018,1,8,10,22,40
general,U7CC9DP98,1511359586.000267,2017,11,22,16,6,26
general,U7G52NFN2,1511359713.000297,2017,11,22,16,8,33
general,U7BMUSDTJ,1511360889.000416,2017,11,22,16,28,9
general,U7DET4PSP,1511363455.000342,2017,11,22,17,10,55
general,U7C2YBD7D,1511368123.000037,2017,11,22,18,28,43
general,U7DET4PSP,1511368850.000526,2017,11,22,18,40,50
general,U7DET4PSP,1511369689.000465,2017,11,22,18,54,49
general,U7C2YBD7D,1511370298.000079,2017,11,22,19,4,58
general,U7DET4PSP,1511370311.000647,2017,11,22,19,5,11
general,U7C2YBD7D,1508401285.000402,2017,10,19,11,21,25
general,U7C2YBD7D,1508401357.000306,2017,10,19,11,22,37
general,U7C2YBD7D,1508401401.000052,2017,10,19,11,23,21
general,U7CC9DP98,1508402334.000304,2017,10,19,11,38,54
general,U7CC9DP98,1508402552.000255,2017,10,19,11,42,32
general,U7C2YBD7D,1508403027.000312,2017,10,19,11,50,27
general,U7C2YBD7D,1508441885.000635,2017,10,19,22,38,5
general,U7DET4PSP,1508442346.000093,2017,10,19,22,45,46
general,U7C2YBD7D,1508443710.000091,2017,10,19,23,8,30
general,U7C2YBD7D,1508444606.000136,2017,10,19,23,23,26
general,U7DET4PSP,1508445396.000039,2017,10,19,23,36,36
general,U7C2YBD7D,1508446227.000528,2017,10,19,23,50,27
general,U7C2YBD7D,1512407750.000012,2017,12,4,19,15,50
general,U7C2YBD7D,1512407768.000224,2017,12,4,19,16,8
general,U7C2YBD7D,1512407773.000655,2017,12,4,19,16,13
general,U2WQ03HBJ,1512408228.000267,2017,12,4,19,23,48
general,U2WQ03HBJ,1512408359.000647,2017,12,4,19,25,59
general,U7C2YBD7D,1512408395.000012,2017,12,4,19,26,35
general,U2WQ03HBJ,1512408404.000355,2017,12,4,19,26,44
general,U7C2YBD7D,1512408414.000435,2017,12,4,19,26,54
general,U7DET4PSP,1512411226.000343,2017,12,4,20,13,46
general,U7C2YBD7D,1513066350.000095,2017,12,12,10,12,30
general,U7C2YBD7D,1513066364.000196,2017,12,12,10,12,44
general,U2WQ03HBJ,1513069286.000426,2017,12,12,11,1,26
general,U7CC9DP98,1513102830.000025,2017,12,12,20,20,30
general,U7C2YBD7D,1513103958.000147,2017,12,12,20,39,18
general,U7C2YBD7D,1513104000.000298,2017,12,12,20,40,0
general,U7C2YBD7D,1513104203.000271,2017,12,12,20,43,23
general,U7DET4PSP,1513105396.000226,2017,12,12,21,3,16
general,U7CC9DP98,1513107433.000268,2017,12,12,21,37,13
general,U7BS22HB3,1513144831.000165,2017,12,13,8,0,31
general,U7CC9DP98,1513144991.000062,2017,12,13,8,3,11
general,U7BS22HB3,1513145481.000034,2017,12,13,8,11,21
general,U7CC9DP98,1513145591.000098,2017,12,13,8,13,11
general,U7BS22HB3,1513145746.000062,2017,12,13,8,15,46
general,U7DET4PSP,1518602750.000471,2018,2,14,12,5,50
general,U7DET4PSP,1518602923.000361,2018,2,14,12,8,43
general,U7PUGSSMR,1518603023.000216,2018,2,14,12,10,23
general,U7DET4PSP,1518603043.000105,2018,2,14,12,10,43
general,U7PUGSSMR,1518603061.000331,2018,2,14,12,11,1
general,U7DET4PSP,1518603129.000484,2018,2,14,12,12,9
general,U7PUGSSMR,1518603402.000256,2018,2,14,12,16,42
general,U7PUGSSMR,1518603486.000455,2018,2,14,12,18,6
general,U7BS22HB3,1508061440.000028,2017,10,15,12,57,20
general,U7C2YBD7D,1508096077.000034,2017,10,15,22,34,37
general,U7DET4PSP,1508096133.000022,2017,10,15,22,35,33
general,U7C2YBD7D,1508096143.000044,2017,10,15,22,35,43
general,U7C2YBD7D,1508096162.000055,2017,10,15,22,36,2
general,U7D1PDTKQ,1508135264.000249,2017,10,16,9,27,44
general,U7C2YBD7D,1517573398.000001,2018,2,2,14,9,58
general,U7C2YBD7D,1517573400.000286,2018,2,2,14,10,0
general,U7C2YBD7D,1517573438.000372,2018,2,2,14,10,38
general,U7C2YBD7D,1517573445.000113,2018,2,2,14,10,45
general,U7DET4PSP,1517573737.000408,2018,2,2,14,15,37
general,U7G52NFN2,1517575294.000237,2018,2,2,14,41,34
general,U7C2YBD7D,1515761935.000247,2018,1,12,14,58,55
general,U7C2YBD7D,1515761943.000373,2018,1,12,14,59,3
general,U7DET4PSP,1515762055.000359,2018,1,12,15,0,55
general,U7CC9DP98,1515763095.000449,2018,1,12,15,18,15
general,U7G52NFN2,1515763167.000300,2018,1,12,15,19,27
general,U7CC9DP98,1515763763.000511,2018,1,12,15,29,23
general,U7CC9DP98,1515764166.000281,2018,1,12,15,36,6
general,U7D1PDTKQ,1506970770.000597,2017,10,2,21,59,30
general,U7C2YBD7D,1506971227.000158,2017,10,2,22,7,7
general,U7BMUSDTJ,1507006599.000164,2017,10,3,7,56,39
general,U7BS22HB3,1507009530.000120,2017,10,3,8,45,30
general,U7CC9DP98,1507013030.000221,2017,10,3,9,43,50
general,U7C2YBD7D,1509694219.000082,2017,11,3,9,30,19
general,U7C2YBD7D,1509694222.000143,2017,11,3,9,30,22
general,U7C2YBD7D,1509694224.000107,2017,11,3,9,30,24
general,U2XFGAC57,1478769402.000002,2016,11,10,11,16,42
general,U2XFGAC57,1478769418.000003,2016,11,10,11,16,58
general,U2XFGAC57,1478769571.000005,2016,11,10,11,19,31
general,U2XFGAC57,1478769588.000006,2016,11,10,11,19,48
general,U2XFGAC57,1478769607.000007,2016,11,10,11,20,7
general,U2WQ03HBJ,1478846959.000002,2016,11,11,8,49,19
general,U2WQ03HBJ,1478847076.000003,2016,11,11,8,51,16
general,U7C2YBD7D,1517257010.000009,2018,1,29,22,16,50
general,U7DET4PSP,1517257303.000544,2018,1,29,22,21,43
general,U7DET4PSP,1517257365.000500,2018,1,29,22,22,45
general,U7DET4PSP,1517257488.000851,2018,1,29,22,24,48
general,U7C2YBD7D,1517257834.000529,2018,1,29,22,30,34
general,U7DET4PSP,1517257960.000509,2018,1,29,22,32,40
general,U7BMUSDTJ,1517260445.000777,2018,1,29,23,14,5
general,U7DET4PSP,1517260533.000008,2018,1,29,23,15,33
general,U7DET4PSP,1517260574.000272,2018,1,29,23,16,14
general,U7BMUSDTJ,1517260664.000403,2018,1,29,23,17,44
general,U7DET4PSP,1517260681.000522,2018,1,29,23,18,1
general,U7G52NFN2,1512470784.000223,2017,12,5,12,46,24
general,U7DET4PSP,1512474295.000440,2017,12,5,13,44,55
general,U7DET4PSP,1512474315.000175,2017,12,5,13,45,15
general,U7CC9DP98,1512479741.000141,2017,12,5,15,15,41
general,U7G52NFN2,1512479782.000160,2017,12,5,15,16,22
general,U7C2YBD7D,1508315785.000187,2017,10,18,11,36,25
general,U7C2YBD7D,1508315804.000099,2017,10,18,11,36,44
general,U2WQ03HBJ,1508316268.000114,2017,10,18,11,44,28
general,U2XFGAC57,1508330684.000354,2017,10,18,15,44,44
general,U2XFGAC57,1508330766.000332,2017,10,18,15,46,6
general,U2WQ03HBJ,1508330953.000199,2017,10,18,15,49,13
general,U2XFGAC57,1508331070.000444,2017,10,18,15,51,10
general,U2XFGAC57,1508331161.000318,2017,10,18,15,52,41
general,U2XFGAC57,1508331184.000632,2017,10,18,15,53,4
general,U2XFGAC57,1508331396.000250,2017,10,18,15,56,36
general,U7C2YBD7D,1511443800.000061,2017,11,23,15,30,0
general,U7G52NFN2,1511443840.000001,2017,11,23,15,30,40
general,U7BMUSDTJ,1511443860.000243,2017,11,23,15,31,0
general,U7C2YBD7D,1511443942.000535,2017,11,23,15,32,22
general,U7C2YBD7D,1511443961.000021,2017,11,23,15,32,41
general,U7C2YBD7D,1511444435.000182,2017,11,23,15,40,35
general,U7C2YBD7D,1511444438.000109,2017,11,23,15,40,38
general,U7C2YBD7D,1511444438.000152,2017,11,23,15,40,38
general,U7G52NFN2,1511445722.000102,2017,11,23,16,2,2
general,U7G52NFN2,1511445747.000290,2017,11,23,16,2,27
general,U7DET4PSP,1511458782.000191,2017,11,23,19,39,42
general,U7PUGSSMR,1515512876.000291,2018,1,9,17,47,56
general,U7C2YBD7D,1515513632.000688,2018,1,9,18,0,32
general,U7G52NFN2,1508707265.000028,2017,10,23,0,21,5
general,U7CC9DP98,1508741491.000219,2017,10,23,9,51,31
general,U7CC9DP98,1508741581.000128,2017,10,23,9,53,1
general,U7G52NFN2,1516869497.000135,2018,1,25,10,38,17
general,U7DET4PSP,1516882525.000021,2018,1,25,14,15,25
general,U7C2YBD7D,1516892388.000258,2018,1,25,16,59,48
general,U7DET4PSP,1516911111.000700,2018,1,25,22,11,51
general,U7DET4PSP,1516911335.000506,2018,1,25,22,15,35
general,U7DET4PSP,1516911412.000694,2018,1,25,22,16,52
general,U7BMUSDTJ,1516911450.000245,2018,1,25,22,17,30
general,U7BMUSDTJ,1516911531.000201,2018,1,25,22,18,51
general,U7C2YBD7D,1516911920.000553,2018,1,25,22,25,20
general,U7DET4PSP,1516913321.000343,2018,1,25,22,48,41
general,U7C2YBD7D,1516952544.000090,2018,1,26,9,42,24
general,U7C2YBD7D,1511106928.000084,2017,11,19,17,55,28
general,U7C2YBD7D,1511106931.000043,2017,11,19,17,55,31
general,U7C2YBD7D,1511106973.000027,2017,11,19,17,56,13
general,U7C2YBD7D,1511106975.000086,2017,11,19,17,56,15
general,U7C2YBD7D,1511106982.000016,2017,11,19,17,56,22
general,U7G52NFN2,1511113231.000032,2017,11,19,19,40,31
general,U35S0KGF7,1511162019.000287,2017,11,20,9,13,39
general,U7C2YBD7D,1511162341.000015,2017,11,20,9,19,1
general,U7PUGSSMR,1510559924.000161,2017,11,13,9,58,44
general,U7C2YBD7D,1513321789.000068,2017,12,15,9,9,49
general,U7G52NFN2,1513321859.000209,2017,12,15,9,10,59
general,U7C2YBD7D,1509339728.000028,2017,10,30,7,2,8
general,U7PUGSSMR,1509346556.000091,2017,10,30,8,55,56
general,U2WQ03HBJ,1485598895.000002,2017,1,28,12,21,35
general,U7CC9DP98,1511891347.000207,2017,11,28,19,49,7
general,U7C2YBD7D,1511891425.000855,2017,11,28,19,50,25
general,U7C2YBD7D,1511891432.000384,2017,11,28,19,50,32
general,U7G52NFN2,1517750616.000079,2018,2,4,15,23,36
general,U7BS22HB3,1515957054.000015,2018,1,14,21,10,54
general,U7C2YBD7D,1515958350.000082,2018,1,14,21,32,30
general,U7BS22HB3,1515996979.000141,2018,1,15,8,16,19
general,U8XDG394P,1516611294.000033,2018,1,22,10,54,54
general,U7C2YBD7D,1516641236.000072,2018,1,22,19,13,56
general,U7C2YBD7D,1516641239.000681,2018,1,22,19,13,59
general,U7C2YBD7D,1516641284.000456,2018,1,22,19,14,44
general,U2WQ03HBJ,1516641340.000597,2018,1,22,19,15,40
general,U7C2YBD7D,1516641674.000283,2018,1,22,19,21,14
general,U7C2YBD7D,1516641686.000085,2018,1,22,19,21,26
general,U7C2YBD7D,1516641716.000488,2018,1,22,19,21,56
general,U7G52NFN2,1516641820.000834,2018,1,22,19,23,40
general,U7BMUSDTJ,1508956802.000685,2017,10,25,21,40,2
general,U7PUGSSMR,1508966906.000109,2017,10,26,0,28,26
general,U7CC9DP98,1513614666.000725,2017,12,18,18,31,6
general,U7C2YBD7D,1513618654.000372,2017,12,18,19,37,34
general,U7C2YBD7D,1513618704.000731,2017,12,18,19,38,24
general,U7G52NFN2,1511520667.000157,2017,11,24,12,51,7
general,U2WQ03HBJ,1511520680.000350,2017,11,24,12,51,20
general,U7G52NFN2,1511520980.000188,2017,11,24,12,56,20
general,U2WQ03HBJ,1511521703.000335,2017,11,24,13,8,23
general,U2XFGAC57,1507533056.000239,2017,10,9,10,10,56
general,U2XFGAC57,1507534126.000162,2017,10,9,10,28,46
general,U2XFGAC57,1507534372.000155,2017,10,9,10,32,52
general,U2XFGAC57,1507534621.000215,2017,10,9,10,37,1
general,U7G52NFN2,1507537792.000164,2017,10,9,11,29,52
general,U7C2YBD7D,1513937321.000096,2017,12,22,12,8,41
general,U7C2YBD7D,1513937450.000086,2017,12,22,12,10,50
general,U7C2YBD7D,1513937468.000081,2017,12,22,12,11,8
general,U7C2YBD7D,1518192699.000330,2018,2,9,18,11,39
general,U7C2YBD7D,1516350561.000001,2018,1,19,10,29,21
general,U7BMUSDTJ,1516351921.000460,2018,1,19,10,52,1
general,U7G52NFN2,1507531283.000141,2017,10,9,9,41,23
general,U35S0KGF7,1485334827.000002,2017,1,25,11,0,27
general,U2WQ03HBJ,1485335247.000003,2017,1,25,11,7,27
general,U35S0KGF7,1485335662.000004,2017,1,25,11,14,22
general,U7CC9DP98,1508835874.000038,2017,10,24,12,4,34
general,U2WQ03HBJ,1508835955.000408,2017,10,24,12,5,55
general,U2WQ03HBJ,1508835994.000382,2017,10,24,12,6,34
general,U7CC9DP98,1508836148.000335,2017,10,24,12,9,8
general,U2WQ03HBJ,1508836181.000145,2017,10,24,12,9,41
general,U7CC9DP98,1508910216.000115,2017,10,25,8,43,36
general,U7BS22HB3,1508910365.000199,2017,10,25,8,46,5
general,U7G52NFN2,1508911006.000051,2017,10,25,8,56,46
general,U7C2YBD7D,1508911047.000019,2017,10,25,8,57,27
general,U7C2YBD7D,1508911114.000061,2017,10,25,8,58,34
general,U7BS22HB3,1508911381.000080,2017,10,25,9,3,1
general,U7BS22HB3,1508912774.000096,2017,10,25,9,26,14
general,U7DET4PSP,1508914051.000103,2017,10,25,9,47,31
general,U7C2YBD7D,1516046277.000335,2018,1,15,21,57,57
general,U7C2YBD7D,1516046284.000202,2018,1,15,21,58,4
general,U9439D7V2,1517853322.000338,2018,2,5,19,55,22
general,U7C2YBD7D,1517859445.000215,2018,2,5,21,37,25
general,U7C2YBD7D,1517859486.000145,2018,2,5,21,38,6
general,U7C2YBD7D,1517859653.000516,2018,2,5,21,40,53
general,U7DET4PSP,1517859661.000587,2018,2,5,21,41,1
general,U7DET4PSP,1517859663.000713,2018,2,5,21,41,3
general,U7DET4PSP,1517859677.000281,2018,2,5,21,41,17
general,U7DET4PSP,1517859677.000577,2018,2,5,21,41,17
general,U7BMUSDTJ,1517897290.000064,2018,2,6,8,8,10
general,U7DET4PSP,1507151295.000655,2017,10,5,0,8,15
general,U7C2YBD7D,1509911175.000070,2017,11,5,21,46,15
general,U2WQ03HBJ,1509953743.000042,2017,11,6,9,35,43
general,U7C2YBD7D,1513344453.000297,2017,12,15,15,27,33
general,U7C2YBD7D,1513344650.000277,2017,12,15,15,30,50
general,U7C2YBD7D,1513344717.000147,2017,12,15,15,31,57
general,U7G52NFN2,1513348099.000164,2017,12,15,16,28,19
general,U7DET4PSP,1513356902.000376,2017,12,15,18,55,2
general,U35MB0RS7,1481089904.000002,2016,12,7,7,51,44
general,U7DET4PSP,1510564555.000468,2017,11,13,11,15,55
general,U7G52NFN2,1512370974.000163,2017,12,4,9,2,54
general,U7PUGSSMR,1512371477.000025,2017,12,4,9,11,17
general,U7BS22HB3,1507711987.000007,2017,10,11,11,53,7
general,U7C2YBD7D,1507724930.000155,2017,10,11,15,28,50
general,U2WQ03HBJ,1507726850.000598,2017,10,11,16,0,50
general,U7BS22HB3,1507748269.000385,2017,10,11,21,57,49
general,U7C2YBD7D,1509982572.000435,2017,11,6,17,36,12
general,U7C2YBD7D,1509982587.000010,2017,11,6,17,36,27
general,U2Y7DH19U,1479204739.000002,2016,11,15,12,12,19
general,U2WQ03HBJ,1479204841.000003,2016,11,15,12,14,1
general,U2Y7DH19U,1479204900.000004,2016,11,15,12,15,0
general,U2Y7DH19U,1479204937.000005,2016,11,15,12,15,37
general,U35MB0RS7,1480949974.000002,2016,12,5,16,59,34
general,U35MB0RS7,1480949987.000004,2016,12,5,16,59,47
general,U35MB0RS7,1480950025.000005,2016,12,5,17,0,25
general,U2WQ03HBJ,1478168838.947131,2016,11,3,12,27,18
general,U2WQZKASV,1478169095.000002,2016,11,3,12,31,35
general,U2Y7A9163,1478169210.000003,2016,11,3,12,33,30
general,U2Y7DH19U,1478170640.000004,2016,11,3,12,57,20
general,U2WT4FWU8,1478180589.000005,2016,11,3,15,43,9
general,U35S0KGF7,1479893531.000002,2016,11,23,11,32,11
general,U2WQ03HBJ,1479893972.000004,2016,11,23,11,39,32
general,U2WQ03HBJ,1479894027.000006,2016,11,23,11,40,27
general,U35S0KGF7,1479894398.000007,2016,11,23,11,46,38
general,U35S0KGF7,1479894557.000009,2016,11,23,11,49,17
general,U35S0KGF7,1479894640.000010,2016,11,23,11,50,40
general,U2WQ03HBJ,1479894816.000011,2016,11,23,11,53,36
general,U35S0KGF7,1479894898.000012,2016,11,23,11,54,58
general,U2WQ03HBJ,1479895084.000013,2016,11,23,11,58,4
general,U35S0KGF7,1479895419.000014,2016,11,23,12,3,39
general,U35S0KGF7,1479896058.000015,2016,11,23,12,14,18
general,U35S0KGF7,1479896094.000016,2016,11,23,12,14,54
general,U2WQ03HBJ,1479896170.000017,2016,11,23,12,16,10
general,U2WQ03HBJ,1479896203.000018,2016,11,23,12,16,43
general,U35S0KGF7,1479896232.000019,2016,11,23,12,17,12
general,U2WQ03HBJ,1479896286.000020,2016,11,23,12,18,6
general,U35MB0RS7,1479896306.000021,2016,11,23,12,18,26
general,U2WQ03HBJ,1479896334.000022,2016,11,23,12,18,54
general,U7C2YBD7D,1512052061.000551,2017,11,30,16,27,41
general,U7DET4PSP,1512052643.000055,2017,11,30,16,37,23
general,U7DET4PSP,1512052653.000304,2017,11,30,16,37,33
general,U7C2YBD7D,1512052719.000181,2017,11,30,16,38,39
general,U7DET4PSP,1512053234.000416,2017,11,30,16,47,14
general,U35MB0RS7,1512061719.000298,2017,11,30,19,8,39
general,U35MB0RS7,1512061728.000444,2017,11,30,19,8,48
general,U35MB0RS7,1512061795.000664,2017,11,30,19,9,55
general,U7CC9DP98,1512070954.000422,2017,11,30,21,42,34
general,U7C2YBD7D,1511711167.000048,2017,11,26,17,46,7
general,U7C2YBD7D,1511711170.000068,2017,11,26,17,46,10
general,U7C2YBD7D,1511711205.000006,2017,11,26,17,46,45
general,U7C2YBD7D,1509091086.000215,2017,10,27,10,58,6
general,U7C2YBD7D,1509091097.000166,2017,10,27,10,58,17
general,U7C2YBD7D,1509091132.000357,2017,10,27,10,58,52
general,U7PUGSSMR,1509091434.000113,2017,10,27,11,3,54
general,U7C2YBD7D,1509091631.000359,2017,10,27,11,7,11
general,U7C2YBD7D,1509097713.000474,2017,10,27,12,48,33
general,U7C2YBD7D,1509097731.000055,2017,10,27,12,48,51
general,U2WQ03HBJ,1485536875.000002,2017,1,27,19,7,55
general,U35MB0RS7,1485547807.000004,2017,1,27,22,10,7
general,U35MB0RS7,1485547899.000005,2017,1,27,22,11,39
general,U7CC9DP98,1511788307.000174,2017,11,27,15,11,47
general,U7C2YBD7D,1511804761.000636,2017,11,27,19,46,1
general,U7C2YBD7D,1511804773.000322,2017,11,27,19,46,13
general,U7C2YBD7D,1511851241.000074,2017,11,28,8,40,41
general,U7CC9DP98,1511851449.000093,2017,11,28,8,44,9
general,U7C2YBD7D,1511854288.000183,2017,11,28,9,31,28
general,U2WQ03HBJ,1511854549.000324,2017,11,28,9,35,49
general,U2WQ03HBJ,1511854716.000136,2017,11,28,9,38,36
general,U7C2YBD7D,1513845150.000272,2017,12,21,10,32,30
general,U7CC9DP98,1513845173.000386,2017,12,21,10,32,53
general,U7C2YBD7D,1513845287.000252,2017,12,21,10,34,47
general,U7C2YBD7D,1513845357.000027,2017,12,21,10,35,57
general,U7C2YBD7D,1513845493.000119,2017,12,21,10,38,13
general,U7C2YBD7D,1513845743.000161,2017,12,21,10,42,23
general,U7BMUSDTJ,1513845968.000375,2017,12,21,10,46,8
general,U7C2YBD7D,1513847040.000478,2017,12,21,11,4,0
general,U7C2YBD7D,1513847127.000207,2017,12,21,11,5,27
general,U7C2YBD7D,1513847170.000164,2017,12,21,11,6,10
general,U7C2YBD7D,1513847220.000361,2017,12,21,11,7,0
general,U7DET4PSP,1513848316.000071,2017,12,21,11,25,16
general,U7C2YBD7D,1513848415.000128,2017,12,21,11,26,55
general,U7C2YBD7D,1513848456.000252,2017,12,21,11,27,36
general,U7CC9DP98,1513853366.000051,2017,12,21,12,49,26
general,U7CC9DP98,1513853399.000166,2017,12,21,12,49,59
general,U7DET4PSP,1513876214.000164,2017,12,21,19,10,14
general,U7DET4PSP,1513876215.000234,2017,12,21,19,10,15
general,U7C2YBD7D,1513880078.000083,2017,12,21,20,14,38
general,U7C2YBD7D,1513880093.000280,2017,12,21,20,14,53
general,U7G52NFN2,1513880631.000651,2017,12,21,20,23,51
general,U35MB0RS7,1479822864.000002,2016,11,22,15,54,24
general,U35S0KGF7,1479823524.000003,2016,11,22,16,5,24
general,U35S0KGF7,1479823746.000004,2016,11,22,16,9,6
general,U35S0KGF7,1479823809.000005,2016,11,22,16,10,9
general,U2XFGAC57,1479823867.000007,2016,11,22,16,11,7
general,U2XFGAC57,1479823882.000008,2016,11,22,16,11,22
general,U35S0KGF7,1479824034.000009,2016,11,22,16,13,54
general,U35S0KGF7,1479824098.000010,2016,11,22,16,14,58
general,U2XFGAC57,1479824798.000011,2016,11,22,16,26,38
general,U2XFGAC57,1479824804.000012,2016,11,22,16,26,44
general,U2XFGAC57,1479824823.000013,2016,11,22,16,27,3
general,U2XFGAC57,1479824833.000014,2016,11,22,16,27,13
general,U35MB0RS7,1479824890.000015,2016,11,22,16,28,10
general,U35S0KGF7,1479825456.000016,2016,11,22,16,37,36
general,U35S0KGF7,1479825596.000017,2016,11,22,16,39,56
general,U7C2YBD7D,1518019637.000239,2018,2,7,18,7,17
general,U7C2YBD7D,1518019640.000879,2018,2,7,18,7,20
general,U7C2YBD7D,1518019667.000424,2018,2,7,18,7,47
general,U90TZFQBV,1517333675.000955,2018,1,30,19,34,35
general,U7DET4PSP,1517364176.000301,2018,1,31,4,2,56
general,U7C2YBD7D,1517378619.000023,2018,1,31,8,3,39
general,U7BMUSDTJ,1517379121.000243,2018,1,31,8,12,1
general,U7PUGSSMR,1517383801.000181,2018,1,31,9,30,1
general,U2WQ03HBJ,1517385102.000228,2018,1,31,9,51,42
general,U2XFGAC57,1478684604.000002,2016,11,9,11,43,24
general,U2XFGAC57,1478684606.000003,2016,11,9,11,43,26
general,U2XFGAC57,1478684614.000004,2016,11,9,11,43,34
general,U7CC9DP98,1508241266.000128,2017,10,17,14,54,26
general,U7C2YBD7D,1508247517.000156,2017,10,17,16,38,37
general,U7C2YBD7D,1508247596.000095,2017,10,17,16,39,56
general,U35MB0RS7,1508250281.000296,2017,10,17,17,24,41
general,U2WQ03HBJ,1508251883.000262,2017,10,17,17,51,23
general,U2WQ03HBJ,1508251939.000379,2017,10,17,17,52,19
general,U7CC9DP98,1512976393.000012,2017,12,11,9,13,13
general,U7C2YBD7D,1512549804.000125,2017,12,6,10,43,24
general,U7C2YBD7D,1512549915.000013,2017,12,6,10,45,15
general,U7C2YBD7D,1512549953.000444,2017,12,6,10,45,53
general,U7C2YBD7D,1512549972.000390,2017,12,6,10,46,12
general,U7C2YBD7D,1512550042.000280,2017,12,6,10,47,22
general,U7G52NFN2,1512550345.000061,2017,12,6,10,52,25
general,U2WQ03HBJ,1512550423.000224,2017,12,6,10,53,43
general,U2WQ03HBJ,1512550495.000055,2017,12,6,10,54,55
general,U7C2YBD7D,1512550543.000178,2017,12,6,10,55,43
general,U7C2YBD7D,1512550627.000483,2017,12,6,10,57,7
general,U7C2YBD7D,1512550934.000367,2017,12,6,11,2,14
general,U7C2YBD7D,1512550955.000319,2017,12,6,11,2,35
general,U7C2YBD7D,1512661971.000052,2017,12,7,17,52,51
general,U7G52NFN2,1512665616.000778,2017,12,7,18,53,36
general,U7G52NFN2,1512665916.000499,2017,12,7,18,58,36
general,U7C2YBD7D,1512668756.000511,2017,12,7,19,45,56
general,U7DET4PSP,1512684202.000064,2017,12,8,0,3,22
general,U2XFGAC57,1478247699.000002,2016,11,4,10,21,39
general,U7C2YBD7D,1513017203.000031,2017,12,11,20,33,23
general,U7C2YBD7D,1513017595.000172,2017,12,11,20,39,55
general,U7C2YBD7D,1513019820.000501,2017,12,11,21,17,0
general,U2WQ03HBJ,1513022365.000062,2017,12,11,21,59,25
general,U7CC9DP98,1513060846.000037,2017,12,12,8,40,46
general,U7CC9DP98,1513060960.000186,2017,12,12,8,42,40
general,U7C2YBD7D,1513062909.000064,2017,12,12,9,15,9
general,U7CC9DP98,1515397559.000039,2018,1,8,9,45,59
general,U7C2YBD7D,1508137906.000052,2017,10,16,10,11,46
general,U2WQ03HBJ,1508139054.000103,2017,10,16,10,30,54
general,U2WQ03HBJ,1508139069.000080,2017,10,16,10,31,9
general,U7C2YBD7D,1508158186.000149,2017,10,16,15,49,46
general,U7C2YBD7D,1508158673.000360,2017,10,16,15,57,53
general,U2WQ03HBJ,1508158709.000600,2017,10,16,15,58,29
general,U7G52NFN2,1508180501.000518,2017,10,16,22,1,41
general,U7C2YBD7D,1517495864.000281,2018,2,1,16,37,44
general,U7C2YBD7D,1515670145.000010,2018,1,11,13,29,5
general,U7C2YBD7D,1515670341.000075,2018,1,11,13,32,21
general,U7DET4PSP,1515670530.000437,2018,1,11,13,35,30
general,U7C2YBD7D,1515670581.000180,2018,1,11,13,36,21
general,U7C2YBD7D,1515671199.000031,2018,1,11,13,46,39
general,U7C2YBD7D,1515671612.000155,2018,1,11,13,53,32
general,U7C2YBD7D,1515671615.000103,2018,1,11,13,53,35
general,U7C2YBD7D,1515671644.000220,2018,1,11,13,54,4
general,U7DET4PSP,1515672018.000041,2018,1,11,14,0,18
general,U7BMUSDTJ,1515672957.000365,2018,1,11,14,15,57
general,U7G52NFN2,1515697047.000170,2018,1,11,20,57,27
general,U7G52NFN2,1515697048.000371,2018,1,11,20,57,28
general,U7G52NFN2,1515702378.000350,2018,1,11,22,26,18
general,U7C2YBD7D,1515706815.000459,2018,1,11,23,40,15
general,U7C2YBD7D,1515706824.000492,2018,1,11,23,40,24
general,U7C2YBD7D,1515706928.000487,2018,1,11,23,42,8
general,U7G52NFN2,1515709349.000018,2018,1,12,0,22,29
general,U7G52NFN2,1515709355.000070,2018,1,12,0,22,35
general,U7G52NFN2,1517385804.000203,2018,1,31,10,3,24
general,U7G52NFN2,1517395964.000061,2018,1,31,12,52,44
general,U7C2YBD7D,1517396246.000371,2018,1,31,12,57,26
general,U7C2YBD7D,1517396251.000479,2018,1,31,12,57,31
general,U7PUGSSMR,1517402894.000221,2018,1,31,14,48,14
general,U7PUGSSMR,1517402908.000062,2018,1,31,14,48,28
general,U7PUGSSMR,1517402921.000387,2018,1,31,14,48,41
general,U7G52NFN2,1517403337.000134,2018,1,31,14,55,37
general,U7DET4PSP,1517404415.000289,2018,1,31,15,13,35
general,U2WQ03HBJ,1517412564.000104,2018,1,31,17,29,24
general,U7C2YBD7D,1517413280.000053,2018,1,31,17,41,20
general,U7G52NFN2,1517418001.000640,2018,1,31,19,0,1
general,U2XFGAC57,1478676832.000002,2016,11,9,9,33,52
general,U2XFGAC57,1478676868.000003,2016,11,9,9,34,28
general,U2XFGAC57,1478676888.000004,2016,11,9,9,34,48
general,U2XFGAC57,1478676935.000005,2016,11,9,9,35,35
general,U2XFGAC57,1478677007.000006,2016,11,9,9,36,47
general,U2XFGAC57,1478677030.000007,2016,11,9,9,37,10
general,U2XFGAC57,1478677124.000008,2016,11,9,9,38,44
general,U7D1PDTKQ,1508496350.000321,2017,10,20,13,45,50
general,U7BMUSDTJ,1508502268.000287,2017,10,20,15,24,28
general,U7DET4PSP,1508502793.000198,2017,10,20,15,33,13
general,U2WQ03HBJ,1508515078.000446,2017,10,20,18,57,58
website,U7C2YBD7D,1517573184.000354,2018,2,2,14,6,24
website,U90TZFQBV,1517574808.000129,2018,2,2,14,33,28
website,U7C2YBD7D,1517575017.000170,2018,2,2,14,36,57
website,U90TZFQBV,1517575159.000046,2018,2,2,14,39,19
website,U7C2YBD7D,1517576620.000017,2018,2,2,15,3,40
website,U90TZFQBV,1518099297.000565,2018,2,8,16,14,57
website,U7PUGSSMR,1517823578.000258,2018,2,5,11,39,38
website,U7PUGSSMR,1517823590.000427,2018,2,5,11,39,50
website,U7PUGSSMR,1517823615.000497,2018,2,5,11,40,15
website,U7PUGSSMR,1517832123.000006,2018,2,5,14,2,3
website,U90TZFQBV,1517842615.000120,2018,2,5,16,56,55
website,U90TZFQBV,1517842634.000080,2018,2,5,16,57,14
website,U7PUGSSMR,1517919487.000239,2018,2,6,14,18,7
website,U90TZFQBV,1517934232.000704,2018,2,6,18,23,52
website,U7PUGSSMR,1517942527.000079,2018,2,6,20,42,7
website,U7C2YBD7D,1518038474.000582,2018,2,7,23,21,14
website,U7C2YBD7D,1518038578.000581,2018,2,7,23,22,58
website,U7C2YBD7D,1518038580.000508,2018,2,7,23,23,0
website,U7C2YBD7D,1518038589.000119,2018,2,7,23,23,9
website,U7C2YBD7D,1518038655.000490,2018,2,7,23,24,15
website,U7C2YBD7D,1518038703.000679,2018,2,7,23,25,3
website,U7PUGSSMR,1518040465.000513,2018,2,7,23,54,25
website,U7C2YBD7D,1518073993.000162,2018,2,8,9,13,13
website,U7C2YBD7D,1518074003.000151,2018,2,8,9,13,23
website,U7C2YBD7D,1518074177.000256,2018,2,8,9,16,17
website,U7C2YBD7D,1518074242.000127,2018,2,8,9,17,22
website,U7C2YBD7D,1516977527.000281,2018,1,26,16,38,47
website,U7PUGSSMR,1516977527.000715,2018,1,26,16,38,47
website,U7PUGSSMR,1516978034.000424,2018,1,26,16,47,14
website,U90TZFQBV,1517334120.000742,2018,1,30,19,42,0
website,U7C2YBD7D,1517349131.000189,2018,1,30,23,52,11
website,U7C2YBD7D,1517349133.000197,2018,1,30,23,52,13
website,U90TZFQBV,1517484765.000436,2018,2,1,13,32,45
website,U7PUGSSMR,1517488128.000322,2018,2,1,14,28,48
website,U7PUGSSMR,1517488134.000421,2018,2,1,14,28,54
website,U7C2YBD7D,1517496381.000469,2018,2,1,16,46,21
website,U90TZFQBV,1517439159.000108,2018,2,1,0,52,39
website,U90TZFQBV,1517439284.000207,2018,2,1,0,54,44
website,U7PUGSSMR,1517471485.000229,2018,2,1,9,51,25
website,U7PUGSSMR,1517067381.000013,2018,1,27,17,36,21
int_info_cons,U2WQ03HBJ,1482335979.000002,2016,12,21,17,59,39
int_info_cons,U7PUGSSMR,1509294060.000061,2017,10,29,18,21,0
int_info_cons,U7G52NFN2,1507538553.000280,2017,10,9,11,42,33
int_info_cons,U7BMUSDTJ,1507531175.000068,2017,10,9,9,39,35
int_info_cons,U2WQ03HBJ,1481012994.000002,2016,12,6,10,29,54
int_info_cons,U2WQ03HBJ,1479822150.000002,2016,11,22,15,42,30
int_info_cons,U7DET4PSP,1507288631.000359,2017,10,6,14,17,11
int_info_cons,U7DET4PSP,1507288676.000175,2017,10,6,14,17,56
int_info_cons,U2WQ03HBJ,1478722959.000002,2016,11,9,22,22,39
int_info_cons,U2WQ03HBJ,1478722973.000004,2016,11,9,22,22,53
int_info_cons,U2WQ03HBJ,1478723032.000006,2016,11,9,22,23,52
int_info_cons,U2WQ03HBJ,1479028065.000002,2016,11,13,11,7,45
int_info_cons,U2WQ03HBJ,1478249413.000002,2016,11,4,10,50,13
int_info_cons,U2WQ03HBJ,1478249413.000003,2016,11,4,10,50,13
int_info_cons,U2Y7A9163,1478249841.000004,2016,11,4,10,57,21
int_info_cons,U2WT4FWU8,1478249841.000005,2016,11,4,10,57,21
int_info_cons,U2XFGAC57,1478249841.000006,2016,11,4,10,57,21
int_info_cons,U2Y7DH19U,1478249841.000007,2016,11,4,10,57,21
int_info_cons,U2WQZKASV,1478249842.000008,2016,11,4,10,57,22
int_info_cons,U2WQ03HBJ,1478250390.000009,2016,11,4,11,6,30
int_info_cons,U2WQ03HBJ,1478954990.680410,2016,11,12,14,49,50
int_info_cons,U2WQ03HBJ,1478618666.000002,2016,11,8,17,24,26
int_info_cons,U2WQ03HBJ,1478618724.000003,2016,11,8,17,25,24
int_info_cons,U2WQ03HBJ,1478618784.000005,2016,11,8,17,26,24
demoday,U7DET4PSP,1513093499.000458,2017,12,12,17,44,59
demoday,U7DET4PSP,1513093564.000005,2017,12,12,17,46,4
demoday,U7DET4PSP,1513093567.000534,2017,12,12,17,46,7
demoday,U7DET4PSP,1513093652.000682,2017,12,12,17,47,32
demoday,U7PUGSSMR,1513105367.000500,2017,12,12,21,2,47
demoday,U7C2YBD7D,1513105477.000539,2017,12,12,21,4,37
demoday,U7C2YBD7D,1513105482.000367,2017,12,12,21,4,42
demoday,U7C2YBD7D,1513105632.000752,2017,12,12,21,7,12
demoday,U7PUGSSMR,1513106966.000042,2017,12,12,21,29,26
demoday,U7G52NFN2,1513107506.000387,2017,12,12,21,38,26
demoday,U7G52NFN2,1513107537.000283,2017,12,12,21,38,57
demoday,U7DET4PSP,1513108239.000234,2017,12,12,21,50,39
demoday,U7DET4PSP,1513108246.000185,2017,12,12,21,50,46
demoday,U7DET4PSP,1513108250.000130,2017,12,12,21,50,50
demoday,U2WQ03HBJ,1513109532.000116,2017,12,12,22,12,12
demoday,U2WQ03HBJ,1513109613.000699,2017,12,12,22,13,33
demoday,U2WQ03HBJ,1513109992.000570,2017,12,12,22,19,52
demoday,U7C2YBD7D,1513110097.000401,2017,12,12,22,21,37
demoday,U7C2YBD7D,1513626252.000439,2017,12,18,21,44,12
demoday,U7C2YBD7D,1513626256.000557,2017,12,18,21,44,16
demoday,U7G52NFN2,1513627251.000124,2017,12,18,22,0,51
demoday,U7DET4PSP,1513640465.000095,2017,12,19,1,41,5
demoday,U7G52NFN2,1513666334.000114,2017,12,19,8,52,14
demoday,U7C2YBD7D,1513666423.000208,2017,12,19,8,53,43
demoday,U7G52NFN2,1513666837.000069,2017,12,19,9,0,37
demoday,U7BS22HB3,1513344818.000344,2017,12,15,15,33,38
demoday,U7C2YBD7D,1513344822.000283,2017,12,15,15,33,42
demoday,U7C2YBD7D,1513344867.000041,2017,12,15,15,34,27
demoday,U7G52NFN2,1513348444.000320,2017,12,15,16,34,4
demoday,U7C2YBD7D,1513348803.000238,2017,12,15,16,40,3
demoday,U7DET4PSP,1513356961.000299,2017,12,15,18,56,1
demoday,U7DET4PSP,1513356974.000723,2017,12,15,18,56,14
demoday,U7DET4PSP,1513357182.000236,2017,12,15,18,59,42
demoday,U7DET4PSP,1513357204.000430,2017,12,15,19,0,4
demoday,U7DET4PSP,1513433575.000025,2017,12,16,16,12,55
demoday,U7PUGSSMR,1513513287.000025,2017,12,17,14,21,27
demoday,U7C2YBD7D,1513025169.000003,2017,12,11,22,46,9
demoday,U7G52NFN2,1513025169.000425,2017,12,11,22,46,9
demoday,U7DET4PSP,1513025169.000459,2017,12,11,22,46,9
demoday,U2WQ03HBJ,1513025169.000489,2017,12,11,22,46,9
demoday,U7C2YBD7D,1513025187.000764,2017,12,11,22,46,27
demoday,U7C2YBD7D,1513025253.000270,2017,12,11,22,47,33
demoday,U7C2YBD7D,1513025436.000501,2017,12,11,22,50,36
demoday,U7C2YBD7D,1513025563.000227,2017,12,11,22,52,43
demoday,U7C2YBD7D,1513025666.000339,2017,12,11,22,54,26
demoday,U7C2YBD7D,1513025677.000165,2017,12,11,22,54,37
demoday,U7C2YBD7D,1513025873.000237,2017,12,11,22,57,53
demoday,U7G52NFN2,1513064703.000238,2017,12,12,9,45,3
conference-flow,U7C2YBD7D,1517859908.000131,2018,2,5,21,45,8
conference-flow,U7C2YBD7D,1517859908.000535,2018,2,5,21,45,8
conference-flow,U7G52NFN2,1517859908.000736,2018,2,5,21,45,8
conference-flow,U7DET4PSP,1517859909.000110,2018,2,5,21,45,9
conference-flow,U7BS22HB3,1517860051.000227,2018,2,5,21,47,31
conference-flow,U7C2YBD7D,1517860054.000026,2018,2,5,21,47,34
conference-flow,U7C2YBD7D,1517860058.000559,2018,2,5,21,47,38
conference-flow,U7DET4PSP,1517860125.000309,2018,2,5,21,48,45
conference-flow,U7C2YBD7D,1517860138.000609,2018,2,5,21,48,58
conference-flow,U7C2YBD7D,1517860189.000410,2018,2,5,21,49,49
conference-flow,U7C2YBD7D,1517860364.000654,2018,2,5,21,52,44
conference-flow,U7DET4PSP,1517860487.000406,2018,2,5,21,54,47
conference-flow,U7C2YBD7D,1517860609.000466,2018,2,5,21,56,49
conference-flow,U7DET4PSP,1517860670.000045,2018,2,5,21,57,50
conference-flow,U7C2YBD7D,1517860820.000520,2018,2,5,22,0,20
conference-flow,U7C2YBD7D,1517860878.000538,2018,2,5,22,1,18
conference-flow,U7C2YBD7D,1517860934.000659,2018,2,5,22,2,14
announcements,U2XFGAC57,1481991303.000002,2016,12,17,18,15,3
announcements,U2Y7DH19U,1478550277.000002,2016,11,7,22,24,37
announcements,U2Y7DH19U,1478810646.000002,2016,11,10,22,44,6
announcements,U2WQ03HBJ,1484815815.000002,2017,1,19,10,50,15
announcements,U2WQ03HBJ,1484821906.000002,2017,1,19,12,31,46
announcements,U2Y7DH19U,1479388316.000002,2016,11,17,15,11,56
announcements,U2WQ03HBJ,1479388509.000003,2016,11,17,15,15,9
announcements,U2XFGAC57,1479395187.000002,2016,11,17,17,6,27
announcements,U2XFGAC57,1479395257.000003,2016,11,17,17,7,37
announcements,U2WQZKASV,1479420539.000002,2016,11,18,0,8,59
announcements,U7PUGSSMR,1509294011.000051,2017,10,29,18,20,11
announcements,U2Y7DH19U,1479717835.000002,2016,11,21,10,43,55
announcements,U2XFGAC57,1479721685.000002,2016,11,21,11,48,5
announcements,U2WT4FWU8,1479721848.000003,2016,11,21,11,50,48
announcements,U2Y7DH19U,1479722440.000004,2016,11,21,12,0,40
announcements,U2Y7DH19U,1479731520.000005,2016,11,21,14,32,0
announcements,U2XFGAC57,1479742664.000006,2016,11,21,17,37,44
announcements,U2Y7DH19U,1479799716.000002,2016,11,22,9,28,36
announcements,U2Y7A9163,1479671072.000002,2016,11,20,21,44,32
announcements,U2WQ03HBJ,1483957164.000002,2017,1,9,12,19,24
announcements,U2WT4FWU8,1483957556.000003,2017,1,9,12,25,56
announcements,U7G52NFN2,1516112381.000532,2018,1,16,16,19,41
announcements,U2Y7DH19U,1479204018.000002,2016,11,15,12,0,18
announcements,U2WT4FWU8,1479207618.000002,2016,11,15,13,0,18
announcements,U2Y7DH19U,1479208580.000003,2016,11,15,13,16,20
announcements,U2WT4FWU8,1479208620.000004,2016,11,15,13,17,0
announcements,U2Y7DH19U,1479208662.000005,2016,11,15,13,17,42
announcements,U2XFGAC57,1479280461.000002,2016,11,16,9,14,21
announcements,U2XFGAC57,1479972363.000002,2016,11,24,9,26,3
announcements,U2XFGAC57,1479972414.000003,2016,11,24,9,26,54
announcements,U2Y7DH19U,1479973552.000004,2016,11,24,9,45,52
announcements,U2XFGAC57,1479801957.000003,2016,11,22,10,5,57
announcements,U2XFGAC57,1479802048.000004,2016,11,22,10,7,28
announcements,U2Y7DH19U,1479807756.000005,2016,11,22,11,42,36
announcements,U2Y7DH19U,1479807930.000006,2016,11,22,11,45,30
announcements,U2WQ03HBJ,1479812391.000008,2016,11,22,12,59,51
announcements,U2WQ03HBJ,1479812494.000009,2016,11,22,13,1,34
announcements,U2WQ03HBJ,1479812623.000010,2016,11,22,13,3,43
announcements,U2XFGAC57,1479818100.000011,2016,11,22,14,35,0
announcements,U2XFGAC57,1479818108.000012,2016,11,22,14,35,8
announcements,U2XFGAC57,1479818123.000013,2016,11,22,14,35,23
announcements,U2XFGAC57,1479818141.000014,2016,11,22,14,35,41
announcements,U2XFGAC57,1479818293.000015,2016,11,22,14,38,13
announcements,U2Y7DH19U,1479818774.000016,2016,11,22,14,46,14
announcements,U2Y7DH19U,1479818839.000018,2016,11,22,14,47,19
announcements,U2Y7DH19U,1479818881.000019,2016,11,22,14,48,1
announcements,U2Y7DH19U,1479818927.000020,2016,11,22,14,48,47
announcements,U2Y7DH19U,1479818963.000021,2016,11,22,14,49,23
announcements,U2XFGAC57,1479818980.000022,2016,11,22,14,49,40
announcements,U2XFGAC57,1479819006.000023,2016,11,22,14,50,6
announcements,U2Y7DH19U,1479819028.000024,2016,11,22,14,50,28
announcements,U2XFGAC57,1479819040.000025,2016,11,22,14,50,40
announcements,U2WT4FWU8,1479819053.000026,2016,11,22,14,50,53
announcements,U2XFGAC57,1479819082.000027,2016,11,22,14,51,22
announcements,U2Y7DH19U,1479819115.000028,2016,11,22,14,51,55
announcements,U2XFGAC57,1479819126.000029,2016,11,22,14,52,6
announcements,U2XFGAC57,1479819133.000030,2016,11,22,14,52,13
announcements,U2XFGAC57,1479819144.000031,2016,11,22,14,52,24
announcements,U2Y7DH19U,1479819170.000032,2016,11,22,14,52,50
announcements,U2XFGAC57,1479819184.000033,2016,11,22,14,53,4
announcements,U2XFGAC57,1479819198.000034,2016,11,22,14,53,18
announcements,U2Y7DH19U,1479819264.000035,2016,11,22,14,54,24
announcements,U2XFGAC57,1479819341.000036,2016,11,22,14,55,41
announcements,U2XFGAC57,1479819467.000037,2016,11,22,14,57,47
announcements,U2Y7DH19U,1479821659.000038,2016,11,22,15,34,19
announcements,U2WQ03HBJ,1479822352.000043,2016,11,22,15,45,52
announcements,U2XFGAC57,1479822472.000044,2016,11,22,15,47,52
announcements,U2XFGAC57,1479822477.000045,2016,11,22,15,47,57
announcements,U2XFGAC57,1479822527.000046,2016,11,22,15,48,47
announcements,U2Y7DH19U,1479825154.000047,2016,11,22,16,32,34
announcements,U7DET4PSP,1507288619.000069,2017,10,6,14,16,59
announcements,U7DET4PSP,1507288688.000081,2017,10,6,14,18,8
announcements,U2XFGAC57,1478684379.000002,2016,11,9,11,39,39
announcements,U2WT4FWU8,1478684622.000003,2016,11,9,11,43,42
announcements,U2XFGAC57,1478684754.000004,2016,11,9,11,45,54
announcements,U2WQ03HBJ,1478253134.000002,2016,11,4,11,52,14
announcements,U2WQ03HBJ,1478253135.000003,2016,11,4,11,52,15
announcements,U2WT4FWU8,1478253135.000004,2016,11,4,11,52,15
announcements,U2Y7DH19U,1478253135.000005,2016,11,4,11,52,15
announcements,U2Y7A9163,1478253135.000006,2016,11,4,11,52,15
announcements,U2WQZKASV,1478253135.000007,2016,11,4,11,52,15
announcements,U2XFGAC57,1478253135.000008,2016,11,4,11,52,15
announcements,U2Y7DH19U,1480359804.000002,2016,11,28,21,3,24
announcements,U2WT4FWU8,1478613171.000002,2016,11,8,15,52,51
announcements,U2WQ03HBJ,1478613209.000003,2016,11,8,15,53,29
announcements,U2WT4FWU8,1478613234.000004,2016,11,8,15,53,54
announcements,U2WQ03HBJ,1482408156.000002,2016,12,22,14,2,36
announcements,U2WQ03HBJ,1482408191.000003,2016,12,22,14,3,11
announcements,U2WQ03HBJ,1482408288.000004,2016,12,22,14,4,48
announcements,U2WQ03HBJ,1479977985.000005,2016,11,24,10,59,45
announcements,U2WQ03HBJ,1479978064.000006,2016,11,24,11,1,4
announcements,U2WQ03HBJ,1479978086.000007,2016,11,24,11,1,26
announcements,U2WQ03HBJ,1479978153.000008,2016,11,24,11,2,33
announcements,U2XFGAC57,1480058635.000002,2016,11,25,9,23,55
announcements,U2Y7A9163,1480058670.000003,2016,11,25,9,24,30
announcements,U2WT4FWU8,1480058711.000004,2016,11,25,9,25,11
announcements,U2WQZKASV,1480058717.000005,2016,11,25,9,25,17
installation,U7G52NFN2,1518078306.000109,2018,2,8,10,25,6
installation,U7G52NFN2,1518078309.000215,2018,2,8,10,25,9
installation,U9439D7V2,1518125480.000375,2018,2,8,23,31,20
installation,U9439D7V2,1518125568.000317,2018,2,8,23,32,48
installation,U9439D7V2,1518125735.000244,2018,2,8,23,35,35
installation,U9439D7V2,1518126164.000186,2018,2,8,23,42,44
installation,U9439D7V2,1518126329.000313,2018,2,8,23,45,29
installation,U7G52NFN2,1517851722.000082,2018,2,5,19,28,42
installation,U7BMUSDTJ,1517851743.000138,2018,2,5,19,29,3
installation,U9439D7V2,1517857809.000670,2018,2,5,21,10,9
installation,U9439D7V2,1517863526.000123,2018,2,5,22,45,26
installation,U7G52NFN2,1517906961.000461,2018,2,6,10,49,21
installation,U7BMUSDTJ,1517907738.000261,2018,2,6,11,2,18
installation,U9439D7V2,1518002482.000041,2018,2,7,13,21,22
installation,U9439D7V2,1518002486.000080,2018,2,7,13,21,26
installation,U9439D7V2,1518002502.000362,2018,2,7,13,21,42
installation,U9439D7V2,1518002511.000163,2018,2,7,13,21,51
installation,U9439D7V2,1518002530.000235,2018,2,7,13,22,10
installation,U7BMUSDTJ,1518008915.000387,2018,2,7,15,8,35
installation,U9439D7V2,1518009490.000201,2018,2,7,15,18,10
installation,U7BMUSDTJ,1518009607.000094,2018,2,7,15,20,7
installation,U7G52NFN2,1518011309.000349,2018,2,7,15,48,29
installation,U9439D7V2,1518011323.000221,2018,2,7,15,48,43
installation,U9439D7V2,1518011359.000614,2018,2,7,15,49,19
installation,U7G52NFN2,1518011380.000131,2018,2,7,15,49,40
installation,U7G52NFN2,1518011403.000438,2018,2,7,15,50,3
installation,U9439D7V2,1518011411.000566,2018,2,7,15,50,11
installation,U7G52NFN2,1518011568.000145,2018,2,7,15,52,48
installation,U9439D7V2,1518011921.000095,2018,2,7,15,58,41
installation,U7G52NFN2,1518011946.000125,2018,2,7,15,59,6
jusso-hilden,U2WQ03HBJ,1485343367.000002,2017,1,25,13,22,47
jusso-hilden,U2WQ03HBJ,1485343404.000004,2017,1,25,13,23,24
jusso-hilden,U2WQ03HBJ,1479820657.000002,2016,11,22,15,17,37
jusso-hilden,U2WQ03HBJ,1479820658.000003,2016,11,22,15,17,38
jusso-hilden,U2WQ03HBJ,1479822240.000004,2016,11,22,15,44,0
jusso-hilden,U2WQ03HBJ,1479822240.000005,2016,11,22,15,44,0
jusso-hilden,U7DET4PSP,1507288639.000129,2017,10,6,14,17,19
jusso-hilden,U7DET4PSP,1507288668.000017,2017,10,6,14,17,48
vk18wish,U7C2YBD7D,1512724957.000191,2017,12,8,11,22,37
vk18wish,U7C2YBD7D,1512724960.000285,2017,12,8,11,22,40
vk18wish,U7C2YBD7D,1512724980.000204,2017,12,8,11,23,0
vk18wish,U7C2YBD7D,1511442898.000020,2017,11,23,15,14,58
vk18wish,U7C2YBD7D,1511442901.000036,2017,11,23,15,15,1
vk18wish,U7C2YBD7D,1511443064.000143,2017,11,23,15,17,44
vk18wish,U7DET4PSP,1511482481.000062,2017,11,24,2,14,41
vk18wish,U7DET4PSP,1511482800.000078,2017,11,24,2,20,0
vk18wish,U7DET4PSP,1511482834.000067,2017,11,24,2,20,34
vk18wish,U7DET4PSP,1511482949.000117,2017,11,24,2,22,29
vk18wish,U7PUGSSMR,1509294102.000017,2017,10,29,18,21,42
vk18wish,U2WQ03HBJ,1511539287.000025,2017,11,24,18,1,27
vk18wish,U2WQ03HBJ,1511539371.000107,2017,11,24,18,2,51
vk18wish,U2WQ03HBJ,1511539549.000111,2017,11,24,18,5,49
vk18wish,U2WQ03HBJ,1507538633.000105,2017,10,9,11,43,53
vk18wish,U7G52NFN2,1507538658.000140,2017,10,9,11,44,18
vk18wish,U7G52NFN2,1507538777.000084,2017,10,9,11,46,17
vk18wish,U7C2YBD7D,1507609861.000086,2017,10,10,7,31,1
vk18wish,U7C2YBD7D,1507614595.000066,2017,10,10,8,49,55
vk18wish,U7C2YBD7D,1507614629.000114,2017,10,10,8,50,29
vk18wish,U7C2YBD7D,1507614652.000020,2017,10,10,8,50,52
vk18wish,U7C2YBD7D,1507614726.000006,2017,10,10,8,52,6
vk18wish,U7C2YBD7D,1507614762.000104,2017,10,10,8,52,42
vk18wish,U7C2YBD7D,1507614788.000081,2017,10,10,8,53,8
vk18wish,U7C2YBD7D,1507614816.000027,2017,10,10,8,53,36
vk18wish,U7C2YBD7D,1507614864.000010,2017,10,10,8,54,24
vk18wish,U7C2YBD7D,1507614874.000018,2017,10,10,8,54,34
vk18wish,U7C2YBD7D,1507614994.000006,2017,10,10,8,56,34
vk18wish,U7C2YBD7D,1507615025.000055,2017,10,10,8,57,5
vk18wish,U7C2YBD7D,1507615033.000021,2017,10,10,8,57,13
vk18wish,U7G52NFN2,1510560241.000200,2017,11,13,10,4,1
vk18wish,U2WQ03HBJ,1510563526.000268,2017,11,13,10,58,46
vk18wish,U2WQ03HBJ,1510563709.000071,2017,11,13,11,1,49
vk18wish,U7C2YBD7D,1510331776.000430,2017,11,10,18,36,16
vk18wish,U7C2YBD7D,1510331813.000203,2017,11,10,18,36,53
vk18wish,U7C2YBD7D,1510331844.000044,2017,11,10,18,37,24
vk18wish,U2WQ03HBJ,1510341224.000035,2017,11,10,21,13,44
vk18wish,U7C2YBD7D,1511714900.000047,2017,11,26,18,48,20
vk18wish,U7C2YBD7D,1511714981.000071,2017,11,26,18,49,41
vk18wish,U7G52NFN2,1511715902.000194,2017,11,26,19,5,2
vk18wish,U7C2YBD7D,1511716194.000016,2017,11,26,19,9,54
vk18wish,U7DET4PSP,1511718396.000085,2017,11,26,19,46,36
vk18wish,U2WQ03HBJ,1511720321.000090,2017,11,26,20,18,41
vk18wish,U2WQ03HBJ,1511720347.000074,2017,11,26,20,19,7
vk18wish,U2WQ03HBJ,1511720371.000095,2017,11,26,20,19,31
vk18wish,U2WQ03HBJ,1511720680.000068,2017,11,26,20,24,40
vk18wish,U2WQ03HBJ,1511720798.000109,2017,11,26,20,26,38
vk18wish,U7DET4PSP,1511720808.000032,2017,11,26,20,26,48
vk18wish,U2WQ03HBJ,1511720816.000058,2017,11,26,20,26,56
vk18wish,U2WQ03HBJ,1511720870.000002,2017,11,26,20,27,50
vk18wish,U7DET4PSP,1511721165.000006,2017,11,26,20,32,45
vk18wish,U7C2YBD7D,1511854328.000007,2017,11,28,9,32,8
vk18wish,U35S0KGF7,1511854346.000012,2017,11,28,9,32,26
vk18wish,U35MB0RS7,1511854346.000027,2017,11,28,9,32,26
vk18wish,U7G52NFN2,1507651535.000722,2017,10,10,19,5,35
vk18wish,U7C2YBD7D,1510897998.000073,2017,11,17,7,53,18
production,U7C2YBD7D,1516864078.000045,2018,1,25,9,7,58
production,U7CC9DP98,1516870254.000400,2018,1,25,10,50,54
production,U7C2YBD7D,1513618627.000745,2017,12,18,19,37,7
production,U7BS22HB3,1513618628.000371,2017,12,18,19,37,8
production,U7CC9DP98,1513618628.000400,2017,12,18,19,37,8
production,U2WQ03HBJ,1513618628.000434,2017,12,18,19,37,8
random,U2WQ03HBJ,1485115830.000002,2017,1,22,22,10,30
random,U2WQ03HBJ,1485115841.000004,2017,1,22,22,10,41
random,U7D1PDTKQ,1506970770.000544,2017,10,2,21,59,30
random,U7C2YBD7D,1506971227.000140,2017,10,2,22,7,7
random,U7BMUSDTJ,1507006599.000168,2017,10,3,7,56,39
random,U7BS22HB3,1507009530.000072,2017,10,3,8,45,30
random,U7CC9DP98,1507013030.000116,2017,10,3,9,43,50
random,U2WQ03HBJ,1485186611.000002,2017,1,23,17,50,11
random,U8XDG394P,1516611294.000088,2018,1,22,10,54,54
random,U7PUGSSMR,1508966906.000123,2017,10,26,0,28,26
random,U7G52NFN2,1507531283.000198,2017,10,9,9,41,23
random,U9439D7V2,1517853322.000354,2018,2,5,19,55,22
random,U7DET4PSP,1507151295.000496,2017,10,5,0,8,15
random,U2Y7DH19U,1479210714.000002,2016,11,15,13,51,54
random,U2WQ03HBJ,1478168838.000002,2016,11,3,12,27,18
random,U2WQZKASV,1478169095.000003,2016,11,3,12,31,35
random,U2Y7A9163,1478169210.000004,2016,11,3,12,33,30
random,U2Y7DH19U,1478170640.000005,2016,11,3,12,57,20
random,U2WT4FWU8,1478180589.000006,2016,11,3,15,43,9
random,U35MB0RS7,1479822864.000002,2016,11,22,15,54,24
random,U35S0KGF7,1479823524.000003,2016,11,22,16,5,24
random,U90TZFQBV,1517333675.000892,2018,1,30,19,34,35
random,U2WT4FWU8,1478364179.000002,2016,11,5,18,42,59
random,U2XFGAC57,1478247699.000002,2016,11,4,10,21,39
random,U2WQ03HBJ,1478956514.689616,2016,11,12,15,15,14
showcase,U7DET4PSP,1513080404.000144,2017,12,12,14,6,44
showcase,U7G52NFN2,1513081057.000226,2017,12,12,14,17,37
showcase,U7DET4PSP,1513089762.000025,2017,12,12,16,42,42
showcase,U7C2YBD7D,1513105887.000084,2017,12,12,21,11,27
showcase,U7C2YBD7D,1513159535.000335,2017,12,13,12,5,35
showcase,U7C2YBD7D,1513159812.000276,2017,12,13,12,10,12
showcase,U7DET4PSP,1513162078.000062,2017,12,13,12,47,58
showcase,U7DET4PSP,1513162088.000500,2017,12,13,12,48,8
showcase,U7BMUSDTJ,1513359085.000457,2017,12,15,19,31,25
showcase,U7C2YBD7D,1513413816.000067,2017,12,16,10,43,36
showcase,U7C2YBD7D,1513414289.000005,2017,12,16,10,51,29
showcase,U7DET4PSP,1513433639.000034,2017,12,16,16,13,59
showcase,U7DET4PSP,1513433867.000006,2017,12,16,16,17,47
showcase,U7G52NFN2,1513438396.000096,2017,12,16,17,33,16
showcase,U7BMUSDTJ,1513441436.000140,2017,12,16,18,23,56
showcase,U7DET4PSP,1513764997.000103,2017,12,20,12,16,37
showcase,U7DET4PSP,1513765025.000246,2017,12,20,12,17,5
showcase,U7C2YBD7D,1511717804.000034,2017,11,26,19,36,44
showcase,U2WQ03HBJ,1511717804.000064,2017,11,26,19,36,44
showcase,U7DET4PSP,1511717804.000072,2017,11,26,19,36,44
showcase,U7G52NFN2,1511717804.000081,2017,11,26,19,36,44
showcase,U7PUGSSMR,1511717804.000087,2017,11,26,19,36,44
showcase,U7BMUSDTJ,1511717804.000094,2017,11,26,19,36,44
showcase,U7CC9DP98,1511717804.000099,2017,11,26,19,36,44
showcase,U7C2YBD7D,1511717804.000118,2017,11,26,19,36,44
showcase,U7C2YBD7D,1511717860.000032,2017,11,26,19,37,40
showcase,U7C2YBD7D,1511717884.000050,2017,11,26,19,38,4
showcase,U2WQ03HBJ,1511722609.000056,2017,11,26,20,56,49
showcase,U7C2YBD7D,1513845963.000114,2017,12,21,10,46,3
showcase,U7DET4PSP,1513848126.000351,2017,12,21,11,22,6
showcase,U7C2YBD7D,1517377536.000057,2018,1,31,7,45,36
showcase,U7BMUSDTJ,1517378627.000077,2018,1,31,8,3,47
showcase,U7C2YBD7D,1517378694.000289,2018,1,31,8,4,54
showcase,U7BMUSDTJ,1517378701.000094,2018,1,31,8,5,1
showcase,U7C2YBD7D,1517378736.000127,2018,1,31,8,5,36
showcase,U7BMUSDTJ,1517378957.000234,2018,1,31,8,9,17
showcase,U7C2YBD7D,1512923561.000075,2017,12,10,18,32,41
showcase,U7C2YBD7D,1512923565.000027,2017,12,10,18,32,45
showcase,U7C2YBD7D,1512923589.000064,2017,12,10,18,33,9
showcase,U7BMUSDTJ,1512924172.000012,2017,12,10,18,42,52
showcase,U7C2YBD7D,1512925804.000104,2017,12,10,19,10,4
showcase,U7C2YBD7D,1512926014.000052,2017,12,10,19,13,34
showcase,U7C2YBD7D,1512926019.000065,2017,12,10,19,13,39
showcase,U7C2YBD7D,1512926279.000005,2017,12,10,19,17,59
showcase,U2WQ03HBJ,1512926555.000049,2017,12,10,19,22,35
showcase,U7C2YBD7D,1512926571.000081,2017,12,10,19,22,51
showcase,U2WQ03HBJ,1512926600.000070,2017,12,10,19,23,20
showcase,U2WQ03HBJ,1512926623.000027,2017,12,10,19,23,43
showcase,U2WQ03HBJ,1512926653.000077,2017,12,10,19,24,13
showcase,U2WQ03HBJ,1512926669.000028,2017,12,10,19,24,29
showcase,U7C2YBD7D,1512926810.000077,2017,12,10,19,26,50
showcase,U2WQ03HBJ,1512926836.000073,2017,12,10,19,27,16
showcase,U2WQ03HBJ,1512926890.000001,2017,12,10,19,28,10
showcase,U2WQ03HBJ,1512927166.000118,2017,12,10,19,32,46
showcase,U7C2YBD7D,1512927564.000035,2017,12,10,19,39,24
showcase,U2WQ03HBJ,1512927712.000024,2017,12,10,19,41,52
showcase,U7C2YBD7D,1512930519.000056,2017,12,10,20,28,39
showcase,U7C2YBD7D,1512930549.000096,2017,12,10,20,29,9
showcase,U7C2YBD7D,1512931035.000009,2017,12,10,20,37,15
showcase,U7C2YBD7D,1512931077.000069,2017,12,10,20,37,57
showcase,U7C2YBD7D,1512931109.000065,2017,12,10,20,38,29
showcase,U2WQ03HBJ,1512931859.000053,2017,12,10,20,50,59
showcase,U7C2YBD7D,1512937516.000017,2017,12,10,22,25,16
showcase,U7C2YBD7D,1512937612.000065,2017,12,10,22,26,52
showcase,U7C2YBD7D,1512937640.000074,2017,12,10,22,27,20
showcase,U7C2YBD7D,1512937643.000102,2017,12,10,22,27,23
showcase,U7BMUSDTJ,1512938329.000008,2017,12,10,22,38,49
showcase,U7BMUSDTJ,1512939940.000045,2017,12,10,23,5,40
showcase,U7BMUSDTJ,1513000806.000246,2017,12,11,16,0,6
showcase,U7C2YBD7D,1513012347.000061,2017,12,11,19,12,27
showcase,U7C2YBD7D,1513012358.000266,2017,12,11,19,12,38
showcase,U7C2YBD7D,1513012372.000066,2017,12,11,19,12,52
showcase,U7C2YBD7D,1513013033.000268,2017,12,11,19,23,53
showcase,U7C2YBD7D,1513013034.000137,2017,12,11,19,23,54
showcase,U7C2YBD7D,1513024780.000423,2017,12,11,22,39,40
showcase,U7C2YBD7D,1513024802.000088,2017,12,11,22,40,2
showcase,U7BMUSDTJ,1513024841.000361,2017,12,11,22,40,41
showcase,U7C2YBD7D,1513024905.000401,2017,12,11,22,41,45
showcase,U7C2YBD7D,1513024908.000617,2017,12,11,22,41,48
showcase,U7C2YBD7D,1513024928.000359,2017,12,11,22,42,8
showcase,U7BMUSDTJ,1513024972.000018,2017,12,11,22,42,52
showcase,U7C2YBD7D,1513025018.000498,2017,12,11,22,43,38
showcase,U7C2YBD7D,1513025022.000080,2017,12,11,22,43,42
showcase,U7C2YBD7D,1513025036.000643,2017,12,11,22,43,56
showcase,U7BMUSDTJ,1513025079.000475,2017,12,11,22,44,39
showcase,U7BS22HB3,1513025902.000134,2017,12,11,22,58,22
showcase,U7C2YBD7D,1513026023.000514,2017,12,11,23,0,23
showcase,U7C2YBD7D,1513026092.000113,2017,12,11,23,1,32
showcase,U7G52NFN2,1517387976.000225,2018,1,31,10,39,36
showcase,U7C2YBD7D,1517388393.000266,2018,1,31,10,46,33
showcase,U7BMUSDTJ,1517392028.000473,2018,1,31,11,47,8
showcase,U7G52NFN2,1517392217.000588,2018,1,31,11,50,17
pr_communication,U7DET4PSP,1512382268.000429,2017,12,4,12,11,8
pr_communication,U7G52NFN2,1512382270.000366,2017,12,4,12,11,10
pr_communication,U7C2YBD7D,1512382270.000380,2017,12,4,12,11,10
pr_communication,U7PUGSSMR,1512382270.000398,2017,12,4,12,11,10
pr_communication,U7BMUSDTJ,1512382270.000420,2017,12,4,12,11,10
pr_communication,U2WQ03HBJ,1512382270.000431,2017,12,4,12,11,10
pr_communication,U7BS22HB3,1512382270.000449,2017,12,4,12,11,10
pr_communication,U7CC9DP98,1512382270.000472,2017,12,4,12,11,10
pr_communication,U7DET4PSP,1512382337.000105,2017,12,4,12,12,17
pr_communication,U7DET4PSP,1512382351.000211,2017,12,4,12,12,31
pr_communication,U7DET4PSP,1512382363.000099,2017,12,4,12,12,43
pr_communication,U7DET4PSP,1512383580.000152,2017,12,4,12,33,0
pr_communication,U7DET4PSP,1512383581.000331,2017,12,4,12,33,1
pr_communication,U7DET4PSP,1512383606.000222,2017,12,4,12,33,26
pr_communication,U7DET4PSP,1512394445.000269,2017,12,4,15,34,5
pr_communication,U7DET4PSP,1512394482.000224,2017,12,4,15,34,42
pr_communication,U7DET4PSP,1517560934.000255,2018,2,2,10,42,14
pr_communication,U7G52NFN2,1517564241.000388,2018,2,2,11,37,21
pr_communication,U7C2YBD7D,1517566592.000101,2018,2,2,12,16,32
pr_communication,U7G52NFN2,1517566903.000003,2018,2,2,12,21,43
pr_communication,U7C2YBD7D,1517567860.000468,2018,2,2,12,37,40
pr_communication,U7C2YBD7D,1517567957.000095,2018,2,2,12,39,17
pr_communication,U7C2YBD7D,1517567988.000277,2018,2,2,12,39,48
pr_communication,U7G52NFN2,1517573438.000396,2018,2,2,14,10,38
pr_communication,U7C2YBD7D,1517573487.000342,2018,2,2,14,11,27
pr_communication,U7C2YBD7D,1517573554.000264,2018,2,2,14,12,34
pr_communication,U7C2YBD7D,1517573569.000146,2018,2,2,14,12,49
pr_communication,U7C2YBD7D,1517573574.000403,2018,2,2,14,12,54
pr_communication,U7DET4PSP,1517573653.000389,2018,2,2,14,14,13
pr_communication,U7DET4PSP,1517573656.000136,2018,2,2,14,14,16
pr_communication,U7C2YBD7D,1517573989.000069,2018,2,2,14,19,49
pr_communication,U7C2YBD7D,1517573995.000409,2018,2,2,14,19,55
pr_communication,U7DET4PSP,1517574104.000153,2018,2,2,14,21,44
pr_communication,U7PUGSSMR,1517582018.000430,2018,2,2,16,33,38
pr_communication,U7DET4PSP,1517582797.000045,2018,2,2,16,46,37
pr_communication,U7DET4PSP,1517582860.000636,2018,2,2,16,47,40
pr_communication,U7DET4PSP,1517582870.000193,2018,2,2,16,47,50
pr_communication,U7BS22HB3,1517648706.000084,2018,2,3,11,5,6
pr_communication,U7C2YBD7D,1517653862.000068,2018,2,3,12,31,2
pr_communication,U7C2YBD7D,1517653902.000025,2018,2,3,12,31,42
pr_communication,U7C2YBD7D,1517653974.000048,2018,2,3,12,32,54
pr_communication,U7DET4PSP,1517654208.000001,2018,2,3,12,36,48
pr_communication,U7G52NFN2,1517657504.000065,2018,2,3,13,31,44
pr_communication,U7PUGSSMR,1517677976.000038,2018,2,3,19,12,56
pr_communication,U7DET4PSP,1517678137.000091,2018,2,3,19,15,37
pr_communication,U7DET4PSP,1517678190.000060,2018,2,3,19,16,30
pr_communication,U7CC9DP98,1517296654.000200,2018,1,30,9,17,34
pr_communication,U7G52NFN2,1517296704.000199,2018,1,30,9,18,24
pr_communication,U7CC9DP98,1517297129.000032,2018,1,30,9,25,29
pr_communication,U7CC9DP98,1516627324.000605,2018,1,22,15,22,4
pr_communication,U7CC9DP98,1516627344.000378,2018,1,22,15,22,24
pr_communication,U7DET4PSP,1516635859.000533,2018,1,22,17,44,19
pr_communication,U7DET4PSP,1516641429.000590,2018,1,22,19,17,9
pr_communication,U7DET4PSP,1516647717.000693,2018,1,22,21,1,57
pr_communication,U7BMUSDTJ,1516648401.000112,2018,1,22,21,13,21
pr_communication,U7C2YBD7D,1516648435.000013,2018,1,22,21,13,55
pr_communication,U7C2YBD7D,1516648459.000108,2018,1,22,21,14,19
pr_communication,U7BMUSDTJ,1516648473.000530,2018,1,22,21,14,33
pr_communication,U7C2YBD7D,1516648476.000332,2018,1,22,21,14,36
pr_communication,U7C2YBD7D,1516648477.000475,2018,1,22,21,14,37
pr_communication,U7C2YBD7D,1516648498.000064,2018,1,22,21,14,58
pr_communication,U7C2YBD7D,1516648500.000771,2018,1,22,21,15,0
pr_communication,U7C2YBD7D,1516648522.000782,2018,1,22,21,15,22
pr_communication,U7C2YBD7D,1516648558.000702,2018,1,22,21,15,58
pr_communication,U7C2YBD7D,1516648561.000569,2018,1,22,21,16,1
pr_communication,U7DET4PSP,1516648692.000594,2018,1,22,21,18,12
pr_communication,U7DET4PSP,1516648701.000276,2018,1,22,21,18,21
pr_communication,U7DET4PSP,1516649282.000565,2018,1,22,21,28,2
pr_communication,U7DET4PSP,1516657840.000494,2018,1,22,23,50,40
pr_communication,U7C2YBD7D,1516686046.000124,2018,1,23,7,40,46
pr_communication,U7DET4PSP,1516688341.000239,2018,1,23,8,19,1
pr_communication,U7C2YBD7D,1516688957.000309,2018,1,23,8,29,17
pr_communication,U7CC9DP98,1516712041.000085,2018,1,23,14,54,1
pr_communication,U7C2YBD7D,1516714721.000505,2018,1,23,15,38,41
pr_communication,U7C2YBD7D,1516714722.000218,2018,1,23,15,38,42
pr_communication,U7C2YBD7D,1516714761.000338,2018,1,23,15,39,21
pr_communication,U7C2YBD7D,1516714764.000505,2018,1,23,15,39,24
pr_communication,U7C2YBD7D,1516714850.000090,2018,1,23,15,40,50
pr_communication,U7CC9DP98,1516715253.000442,2018,1,23,15,47,33
pr_communication,U7CC9DP98,1516715364.000535,2018,1,23,15,49,24
pr_communication,U7C2YBD7D,1516716087.000159,2018,1,23,16,1,27
pr_communication,U7CC9DP98,1516716179.000632,2018,1,23,16,2,59
pr_communication,U7CC9DP98,1516716313.000333,2018,1,23,16,5,13
pr_communication,U7C2YBD7D,1516716655.000392,2018,1,23,16,10,55
pr_communication,U7C2YBD7D,1516716693.000081,2018,1,23,16,11,33
pr_communication,U7CC9DP98,1516718605.000697,2018,1,23,16,43,25
pr_communication,U7C2YBD7D,1516718954.000497,2018,1,23,16,49,14
pr_communication,U7C2YBD7D,1516728769.000660,2018,1,23,19,32,49
pr_communication,U7CC9DP98,1516728841.000177,2018,1,23,19,34,1
pr_communication,U7C2YBD7D,1516729067.000225,2018,1,23,19,37,47
pr_communication,U7C2YBD7D,1516047901.000235,2018,1,15,22,25,1
pr_communication,U7C2YBD7D,1516047904.000325,2018,1,15,22,25,4
pr_communication,U7C2YBD7D,1516047918.000272,2018,1,15,22,25,18
pr_communication,U7DET4PSP,1516048669.000055,2018,1,15,22,37,49
pr_communication,U7G52NFN2,1516049243.000430,2018,1,15,22,47,23
pr_communication,U7BS22HB3,1517837950.000560,2018,2,5,15,39,10
pr_communication,U7G52NFN2,1517839887.000516,2018,2,5,16,11,27
pr_communication,U7PUGSSMR,1517840559.000429,2018,2,5,16,22,39
pr_communication,U7G52NFN2,1517843913.000575,2018,2,5,17,18,33
pr_communication,U7PUGSSMR,1517851516.000576,2018,2,5,19,25,16
pr_communication,U7G52NFN2,1517851627.000140,2018,2,5,19,27,7
pr_communication,U7PUGSSMR,1517851749.000485,2018,2,5,19,29,9
pr_communication,U7PUGSSMR,1517851766.000208,2018,2,5,19,29,26
pr_communication,U7DET4PSP,1517853507.000624,2018,2,5,19,58,27
pr_communication,U7PUGSSMR,1517853680.000030,2018,2,5,20,1,20
pr_communication,U7C2YBD7D,1517859236.000393,2018,2,5,21,33,56
pr_communication,U7C2YBD7D,1517859248.000052,2018,2,5,21,34,8
pr_communication,U7BS22HB3,1517859636.000393,2018,2,5,21,40,36
pr_communication,U7C2YBD7D,1517859731.000370,2018,2,5,21,42,11
pr_communication,U7DET4PSP,1517859828.000456,2018,2,5,21,43,48
pr_communication,U7C2YBD7D,1516452389.000027,2018,1,20,14,46,29
pr_communication,U7C2YBD7D,1516452404.000061,2018,1,20,14,46,44
pr_communication,U7C2YBD7D,1516452409.000032,2018,1,20,14,46,49
pr_communication,U7C2YBD7D,1516452523.000098,2018,1,20,14,48,43
pr_communication,U7C2YBD7D,1517377691.000047,2018,1,31,7,48,11
pr_communication,U7C2YBD7D,1517377745.000112,2018,1,31,7,49,5
pr_communication,U7DET4PSP,1517383520.000256,2018,1,31,9,25,20
pr_communication,U7G52NFN2,1517476980.000140,2018,2,1,11,23,0
pr_communication,U7DET4PSP,1517478278.000604,2018,2,1,11,44,38
pr_communication,U7CC9DP98,1517488423.000366,2018,2,1,14,33,43
pr_communication,U7CC9DP98,1517488689.000562,2018,2,1,14,38,9
pr_communication,U7C2YBD7D,1517488795.000522,2018,2,1,14,39,55
pr_communication,U7C2YBD7D,1517488801.000134,2018,2,1,14,40,1
pr_communication,U7C2YBD7D,1517488827.000368,2018,2,1,14,40,27
pr_communication,U7CC9DP98,1517489289.000272,2018,2,1,14,48,9
pr_communication,U7C2YBD7D,1517491658.000057,2018,2,1,15,27,38
pr_communication,U7PUGSSMR,1517491699.000207,2018,2,1,15,28,19
pr_communication,U7C2YBD7D,1517491709.000469,2018,2,1,15,28,29
pr_communication,U7G52NFN2,1517491865.000374,2018,2,1,15,31,5
pr_communication,U7G52NFN2,1517491892.000256,2018,2,1,15,31,32
pr_communication,U7CC9DP98,1517492600.000417,2018,2,1,15,43,20
pr_communication,U7BS22HB3,1517492790.000221,2018,2,1,15,46,30
pr_communication,U7C2YBD7D,1517493053.000340,2018,2,1,15,50,53
pr_communication,U7BS22HB3,1517493581.000127,2018,2,1,15,59,41
pr_communication,U7C2YBD7D,1517493661.000089,2018,2,1,16,1,1
pr_communication,U7C2YBD7D,1517493733.000837,2018,2,1,16,2,13
pr_communication,U7DET4PSP,1517494209.000323,2018,2,1,16,10,9
pr_communication,U7PUGSSMR,1517494231.000441,2018,2,1,16,10,31
pr_communication,U7CC9DP98,1517494373.000122,2018,2,1,16,12,53
pr_communication,U7DET4PSP,1517494613.000315,2018,2,1,16,16,53
pr_communication,U7C2YBD7D,1517494689.000674,2018,2,1,16,18,9
pr_communication,U7C2YBD7D,1517494703.000343,2018,2,1,16,18,23
pr_communication,U7DET4PSP,1517494747.000439,2018,2,1,16,19,7
pr_communication,U7C2YBD7D,1517495646.000476,2018,2,1,16,34,6
pr_communication,U7PUGSSMR,1517495810.000552,2018,2,1,16,36,50
pr_communication,U7PUGSSMR,1517500532.000485,2018,2,1,17,55,32
pr_communication,U7PUGSSMR,1517500606.000059,2018,2,1,17,56,46
pr_communication,U7G52NFN2,1517507404.000812,2018,2,1,19,50,4
pr_communication,U7G52NFN2,1517507464.000076,2018,2,1,19,51,4
pr_communication,U7DET4PSP,1517507620.000154,2018,2,1,19,53,40
pr_communication,U7G52NFN2,1517507771.000341,2018,2,1,19,56,11
pr_communication,U7DET4PSP,1517507844.000064,2018,2,1,19,57,24
pr_communication,U7DET4PSP,1517507874.000821,2018,2,1,19,57,54
pr_communication,U7CC9DP98,1517508854.000156,2018,2,1,20,14,14
pr_communication,U7DET4PSP,1517508959.000314,2018,2,1,20,15,59
pr_communication,U7CC9DP98,1517509050.000417,2018,2,1,20,17,30
pr_communication,U7DET4PSP,1517509115.000614,2018,2,1,20,18,35
pr_communication,U7CC9DP98,1517514756.000159,2018,2,1,21,52,36
pr_communication,U7DET4PSP,1517521043.000459,2018,2,1,23,37,23
pr_communication,U7G52NFN2,1517521664.000192,2018,2,1,23,47,44
pr_communication,U7CC9DP98,1517552915.000154,2018,2,2,8,28,35
pr_communication,U7C2YBD7D,1517553429.000138,2018,2,2,8,37,9
pr_communication,U7DET4PSP,1517388587.000348,2018,1,31,10,49,47
pr_communication,U7DET4PSP,1517388647.000170,2018,1,31,10,50,47
pr_communication,U7G52NFN2,1517390045.000075,2018,1,31,11,14,5
pr_communication,U7CC9DP98,1517391520.000131,2018,1,31,11,38,40
pr_communication,U7BS22HB3,1517393992.000190,2018,1,31,12,19,52
pr_communication,U7C2YBD7D,1517396174.000023,2018,1,31,12,56,14
pr_communication,U7C2YBD7D,1517396197.000253,2018,1,31,12,56,37
pr_communication,U7CC9DP98,1517397408.000244,2018,1,31,13,16,48
pr_communication,U7DET4PSP,1517397558.000277,2018,1,31,13,19,18
pr_communication,U7DET4PSP,1517407300.000302,2018,1,31,16,1,40
pr_communication,U7DET4PSP,1517407317.000085,2018,1,31,16,1,57
pr_communication,U7CC9DP98,1517408765.000005,2018,1,31,16,26,5
pr_communication,U7C2YBD7D,1517410110.000657,2018,1,31,16,48,30
pr_communication,U7C2YBD7D,1517410132.000505,2018,1,31,16,48,52
pr_communication,U7C2YBD7D,1517410197.000556,2018,1,31,16,49,57
pr_communication,U7DET4PSP,1517429721.000347,2018,1,31,22,15,21
pr_communication,U7BS22HB3,1517431145.000180,2018,1,31,22,39,5
pr_communication,U7G52NFN2,1517431363.000008,2018,1,31,22,42,43
pr_communication,U7DET4PSP,1517431462.000503,2018,1,31,22,44,22
pr_communication,U7G52NFN2,1517432210.000944,2018,1,31,22,56,50
pr_communication,U7DET4PSP,1517432770.000607,2018,1,31,23,6,10
